단어,주요뜻,메모,암기여부,저장날짜
fish,물고기|어류|생선|어업의|고기잡이하다,"1)생선
",미암기,2013-03-30 09:41:09
port,항만|항구|포트|...항,"1)항구
",미암기,2013-02-23 09:34:19
boat,배|보트,"1)보트
",미암기,2013-02-23 09:32:54
beach,해변|바닷가|해수욕장|백사장|호숫가,"1)해변, 해수욕장
",미암기,2013-01-26 10:00:50
warship,군함|전함,"1)군함
",미암기,2012-12-22 10:08:52
shellfish,조개|갑각강의 동물|거북복,"1)조개
",미암기,2012-09-01 10:07:13
turtle,거북|자라,"1)바다거북
",미암기,2012-08-04 07:54:52
island,도|섬|아일랜드,"1)섬
",미암기,2012-07-21 08:23:44
ocean,바다|해양|대양,"1)대양
",미암기,2012-07-13 12:45:36
dolphin,돌고래,"1)돌고래
",미암기,2012-07-07 08:43:02
whale,고래|즐거운|열심인,"1)고래
",미암기,2012-06-30 08:03:15
shrimp,작은 새우|작은 새우를 잡다|작은 새우로 만든,"1)새우
",미암기,2012-06-24 12:52:30
lobster,바닷가재|랍스터|얼굴이 붉은 사람,"1)바닷가재
",미암기,2012-06-17 13:28:41
railroad,철도,"1)철도
",미암기,2012-06-14 08:51:32
cabin,객실|오두막,"1)오두막집
",미암기,2012-06-06 09:04:44
forest,숲|산림|삼림,"1)숲
",미암기,2012-05-30 17:52:02
Give me a break!,,,미암기,2012-05-21 16:25:20
I see.,,,미암기,2012-05-21 16:23:50
that’s why!,,,미암기,2012-05-21 16:21:22
get in touch with,,,미암기,2012-05-21 16:21:05
a lot of,,,미암기,2012-05-21 16:20:41
keep your chin up,,,미암기,2012-05-21 16:20:02
lake,호수|연못,"1)호수
",미암기,2012-05-18 09:09:48
be absent from,,"1)While I welcomed the opportunity to speak at your conference, I was required to absent myself from my duties here for a number of days. 제가 학회에서 강연하는 것을 받아들였기 때문에 며칠간 이 곳 업무를 볼 수 없었습니다.


",미암기,2012-05-17 18:11:17
tone deaf,,,미암기,2012-05-17 18:11:09
school time,,,미암기,2012-05-17 18:10:59
head down,,"1)He did not speak a word with his head down. 
그는 머리를 숙이고 아무 말도 하지 않았습니다.
",미암기,2012-05-17 18:10:49
have~ in common,,"1)Even though animals seem different, they all have these three things in common. 
비록 동물들이 서로 다르게 보이지만, 그들은 세 가지 공통점을 가지고 있습니다.
",미암기,2012-05-17 18:10:26
satisfy with,,,미암기,2012-05-17 18:10:11
be nervous about,,"1)Are you nervous about your presentation this afternoon? 
오늘 오후에 발표하는 것 때문에 걱정돼요?
",미암기,2012-05-17 18:09:59
just a little,"살짝, 조금만","1)Because the mechanism is made from plastic, there is the danger of parts cracking if tightened just a little too far. 기구가 플라스틱으로 만들어졌기 때문에 너무 단단하게 조이면 부품들이 부숴질 가능성이 있습니다.

",미암기,2012-05-17 18:09:51
stay in touch,"계속 연락하고 지내다, 소식을 주고받다","1)I'm wondering if it wouldn't make sense to implement a telecommuting program, where we have some of our people working at home, submitting work assignments and staying in touch with the office using e-mail and the Internet. 저는 일부 직원들이 집에서 일하면서 작업분을 제출하고 이메일과 인터넷으로 사무실과 연락을 취하는 재택 근무 제도를 실시하는 것이 어떨까 합니다.

",미암기,2012-05-17 18:09:43
seem like,…처럼 보이다.,"1)It seems like they're coming to work on that construction earlier and earlier every week. 
공사 시작하는 시간이 매주 점점 더 빨라지고 있는 것 같아요.

",미암기,2012-05-17 18:09:28
be about to,막~하려하다; [부정문]~할 생각은 없다,"1)The film is about to begin. 영화가 막 시작하려 하고 있다.
",미암기,2012-05-17 18:09:15
wedding preparation,결혼 준비,,미암기,2012-05-17 18:09:07
be supposed to,[관습·법·의무로] …하기로 되어 있다,"1)My name is Mike Smith. The cards were supposed to be printed in English and Japanese. 
마크 스미스이고 명함은 영어와 일어로 인쇄하도록 되어 있었습니다.

",미암기,2012-05-17 18:08:54
Have you been to,∼에 간[경험]적이 있다.,"1)Have you been to the department store? They're having a big sale this week. 
백화점에 가 봤어요? 이번 주에 대대적인 세일을 하고 있어요.

",미암기,2012-05-17 18:08:04
lose weight,몸무게를 줄이다,"1)몸무게를 줄이다
",미암기,2012-05-17 18:07:51
have a headache,두통이 있다,"1)두통
",미암기,2012-05-17 18:07:40
worry about,…에 대한 걱정.?,"1)Don’t worry about that. I'm not a big fan of secondhand smoke either. 
걱정 말아요. 나도 간접 흡연을 좋아하진 않으니까요.
",미암기,2012-05-17 18:07:28
make an appointment,"임명하다, 만날 약속을 하다","1)= have an appointment
",미암기,2012-05-17 18:07:12
seem to,…할 모양이다,"1)He seems [to be] an honest man. 그는 정직한 사람처럼 보여요.
",미암기,2012-05-17 18:06:16
have a pain in,아프다,"1)I have a pain in the knee. 나는 무릎이 아파요
",미암기,2012-05-17 18:05:34
in deep thought,[깊은] 생각에 잠겨.?,"1)He was lost in deep thought leaning back in his chair. 
그는 의자에 기대어 깊은 생각에 잠겨 있었어요.
",미암기,2012-05-17 18:05:19
tug of war,줄다리기|세력 싸움|쟁탈전,"1) 줄다리기
",미암기,2012-05-12 10:22:23
golf,골프,"1)골프
",미암기,2012-05-05 09:17:49
volleyball,배구,"1)배구
",미암기,2012-04-28 10:49:08
marathon,마라톤,"1)마라톤
",미암기,2012-04-21 16:29:46
football,축구|미식 축구|풋볼,"1)미국식축구
",미암기,2012-04-15 16:27:29
soccer,축구|사커,"1)축구
",미암기,2012-04-15 16:26:48
basketball,농구,"1)농구
",미암기,2012-04-13 11:08:19
baseball,야구|베이스볼,"1)야구
",미암기,2012-04-08 12:29:01
law maker,국회의원,"1)입법자
",미암기,2012-04-07 10:05:33
election,선거|투표|당선|선정|선택,"1)선거
",미암기,2012-03-31 20:13:10
stomachache,복통|배가 아프다|배탈,"1)복통
",미암기,2012-03-29 13:47:45
headache,두통|골칫거리|두통거리,"1)두통
",미암기,2012-03-29 13:45:33
toothache,치통,"1)치통
",미암기,2012-03-27 11:29:22
oyster,굴|과묵한 사람,"1)굴
",미암기,2012-03-23 18:14:36
eagle,독수리|이글,"1)독수리
",미암기,2012-03-23 18:12:12
flexible,유연한|신축성 있는|탄력적인|융통성 있는|적응성 있는,"1)구부리기쉬운
",미암기,2012-03-21 18:21:59
be on sick leave,"병가 중이다, 병으로 결근하다","1)He is on sick leave for few days. 그는 며칠동안 병가 중이세요.

",미암기,2012-03-19 13:07:20
for a while,"잠깐, 잠시 동안 ",,미암기,2012-03-19 13:07:13
take a message,메시지를 남기다,"1)She's out right now. Can I take a message? 그녀는 지금 밖에 나갔어요. 메시지를 남기시겠어요?
",미암기,2012-03-19 13:07:06
sign the contract,계약서에 서명하다,"1)Are there any reasons why we shouldn't sign the contract? 
그 계약서에 서명을 해서는 안 되는 이유라도 있나요
",미암기,2012-03-19 13:06:54
get paid,돈을 지불 받다,"1)We're supposed to get paid next Friday, but it's a holiday. Are we going to get paid before, on Thursday, or on the Monday after? 다음 주 금요일이 급여일인데, 그 날이 공휴일이거든요. 급여가 전날인 목요일에 나오나요, 그 다음 주 월요일에 나오나요?
",미암기,2012-03-19 13:06:45
make up on-e’s mind,"결심하다, 결단을 내리다 ","1)I can't quite make up my mind. I don't know whether to have a salad or a burger. 
아직 결정하지 않았어요. 샐러드를 먹을지 아니면 햄버거를 먹어야 할지 모르겠어요.

",미암기,2012-03-19 13:06:09
get worked up about,속상해하다,"1)I wonder why people would get so worked up about that. 
사람들이 그 일에 왜 그렇게 열을 내는지 모르겠어요.
",미암기,2012-03-19 13:06:03
do on-e’s best,전력[최선]을 다하다 ,"1)I know you will all do your best, and we will have a lot to show for our hard work when the rush is over. 여러분 모두 최선을 다해 주실 것이라고 믿으며, 성수기가 끝났을 때 여러분이 열심히 일한 것에 대한 성과가 확실히 나타날 것이라고 기대합니다.
",미암기,2012-03-19 13:05:55
for a minute,"잠시, 잠깐","1)Would you save my place for a minute, please? 잠깐만 제 자리 좀 봐 주시겠습니까?

",미암기,2012-03-19 13:05:47
working conditions,노동[근무] 조건. ,,미암기,2012-03-19 13:05:39
have a fight,싸움을 하다,"1)I had a fight with my friends yesterday. 어제 친구와 다투었어요.
",미암기,2012-03-19 13:04:55
familiar with,…을 잘 알고 있는,"1)You’re too familiar with me. 당신은 내게 너무 허물없이 구는군요.

",미암기,2012-03-19 13:04:40
You can say,…라고 해도 좋다,"1)You can say that again. = You said it. = You’re telling me. = You don’t say. = That makes two of us
",미암기,2012-03-19 13:04:33
Why don’t we,"[제안·권유 등에 써서] 우리…하는 게 어때요, 우리…하지 않겠어요? ","1)Why don't we plan on placing the ad in every newspaper in the city? 
시의 모든 신문에 광고하는 계획을 세워보는 게 어떨까요?

",미암기,2012-03-19 13:04:26
be swamped with,"정신 못차리다, 압도 당하다, 꼼짝달싹 못하다","1)I’m swamped with work. 일이 밀어닥쳐 정신 못 차리고 있어요.


",미암기,2012-03-19 13:04:08
learn about,…에 대해 배우다. ,"1)They completely mystify me. I'd like to learn more about them.
 컴퓨터는 통 모르겠어요. 좀 더 배우고 싶어요.
",미암기,2012-03-19 13:03:58
be able to,국제 결혼,"1)The men were not able to repair the bicycles. 남자들은 그 자전거를 수리할 수 없었습니다.
",미암기,2012-03-19 13:03:45
international marriage,국제 결혼,,미암기,2012-03-19 13:03:39
think the same way,같은 생각이다,"1)I have no doubts that it will. Many researchers seem to think the same way. 
의심할 여지가 없어요. 많은 연구가들도 그와 같이 생각하고 있는 것 같더군요.

",미암기,2012-03-19 13:03:32
talk a person into,…을 설득하여 …시키다[…을 단념시키다] ,"1)I don't know why I let them talk me into doing all this overtime. 
나는 왜 그 사람들이 이 모든 걸 야근까지 해서 다 하라고 시키는데 가만있었는지 나 자신을 알 수가 없어요.


",미암기,2012-03-19 13:03:02
be different from,…와 다르다,"1)The net result of all this is that when baseball gets moving again, it will be a very different sport from the on-e we knew before. 이에 대한 최종 결론은 야구가 다시 재개될 경우 우리가 전에 알던 것과는 아주 다른 스포츠가 될 것이라는 점입니다.

",미암기,2012-03-19 13:02:54
blow on-e’s nose,코를 풀다 ,"1)He blows his nose with hissing sound. 그는 코를 흥하고 풀어요.

",미암기,2012-03-19 13:02:48
make a sound,소리를 내다,"1)A hummingbird's wings flutter so fast that they make a humming sound. 
벌새의 날개는 아주 빠르게 퍼덕거려 윙윙거리는 소리가 나요.
",미암기,2012-03-19 13:02:41
read a newspaper,신문을 읽다,"1)신문을 읽다
",미암기,2012-03-19 13:02:26
on the internet,인터넷 상에서,"1)That's right, you can earn your degree on the Internet, at the Internet College On-line Education Center. 그렇습니다, 인터넷 대학 온라인 교육센터에서 인터넷으로 학위 취득이 가능하게 되었습니다
",미암기,2012-03-19 13:02:19
plan to,~할 계획하다,"1)We plan to make an overland trip across China. 우리는 육로로 중국 횡단 여행을 할 계획입니다. 
",미암기,2012-03-19 13:02:12
camera-shy,사진 찍히기 싫어하는  ,"1)She is camera-shy. = She is reluctant to be photographed. = She is shy of camera. 
그녀는 사진 찍기를 꺼립니다.


",미암기,2012-03-19 13:02:01
fat­-free milk,무지방 우유,,미암기,2012-03-19 11:47:15
a bowl of rice,,"1)밥한공기
",미암기,2012-03-19 11:47:08
a piece of fruit,,,미암기,2012-03-19 11:47:02
perfectist,완벽주의자,,미암기,2012-03-19 11:45:32
all day,"종일의, 하루 종일 걸리는",,미암기,2012-03-19 11:42:56
at that time,그때는,,미암기,2012-03-19 11:42:51
be busy with,"~으로 바쁘다, ~에 발목잡히다","1)The street was busy with many peoples 
",미암기,2012-03-19 11:42:44
based on,"…을 바탕으로,…을 근거하여",,미암기,2012-03-19 11:42:09
be worthy of,~할만 하다,,미암기,2012-03-19 11:42:03
be capable of,"~이 가능하다, ~할 수 있다.",,미암기,2012-03-19 11:41:55
capitalize on,"~을 이용하다, 틈타다.",,미암기,2012-03-19 11:41:43
consist of,…으로 구성되다. ,"1)= be made up of
",미암기,2012-03-19 11:41:29
contribute to,"~에 기부하다, 기여하다; ~의 원인이 되다.",,미암기,2012-03-19 11:40:35
cost-effective,"비용효과적인, 비용효율이 높은",,미암기,2012-03-19 11:40:18
take a look at,"~을 보다, 관찰하다.","1)My teacher took a look at him and went out.
선생님은 그를 힐끗 바라보고 밖으로 나가셨다

",미암기,2012-03-19 11:39:16
take a picture,사진을 찍다,"1)Let's take a picture here.
여기에서 사진을 찍자

",미암기,2012-03-19 11:39:06
all at on-ce,"갑자기, 다 한꺼번에","1)A nuclear explosion can destroy the world all at on-ce.
핵폭발은 세계를 모두 일제히 파괴시킬 수 있다

",미암기,2012-03-19 11:38:55
write to,…에게[편지 등을] 쓰다,"1)Did you write to your mother?
어머니아버지에게 편지를 썼니?
",미암기,2012-03-19 11:38:49
shake hands,"악수, 악수하다[with ‥]","1)Let us shake hands and be friends.
악수하고 친구가 되자
",미암기,2012-03-19 11:38:37
all day,"종일의, 하루 종일 걸리는","1)I was busy all day.
나는 하루종일 바빴다
",미암기,2012-03-19 11:38:07
in fact,"사실상, 사실은,사실에 있어서","1)In fact she is very smart.
[사실은 그녀는 매우 똑똑하다.]
",미암기,2012-03-19 11:37:59
lots of,많은,"1)Lots of roses were in the garden.
정원에 장미가 많이있다
",미암기,2012-03-19 11:37:01
be interested in,…흥미를 갖고 있다,"1)Are you interested in history?
역사에 흥미가 있니?
",미암기,2012-03-19 11:36:06
worry about,…에 대한 걱정,"1)Don't worry about it.
그것에 대해 걱정하지마 
",미암기,2012-03-19 11:35:56
a leave of absence,,,미암기,2012-03-19 11:34:36
Individually,"개인으로, 개별적으로",,미암기,2012-03-19 11:34:22
call,부르다|전화하다|말하다|요구하다|이름,"1)전화하다
",미암기,2012-03-18 12:23:21
president,대통령|사장|회장|총장|위원장,,미암기,2012-03-16 11:57:12
ancient,고대의|오래된|옛날의,"1)고대문명
",미암기,2012-03-12 21:08:44
aim,목표|목적|겨냥하다|노리다|조준하다,"1)표적을겨누다
",미암기,2012-03-10 09:05:42
propose,제안하다|제시하다|제의하다|청혼하다|신청하다,"1)We have proposed new car technologies.
우리는 신차기술들을 제안해 왔다.
",미암기,2012-03-02 08:45:45
cheer up,cause to feel happier or more cheerful,"1)격려하다; 기운이 나다; [명령문으로] 기운을 내라, 이겨라 
",미암기,2012-02-27 17:19:11
think about,"have on one's mind, think about actively","1)…에 관해 생각하다; 숙고하다 
",미암기,2012-02-27 17:19:11
be born,come into existence through birth,"1)태어나다 
be born rich[a poet]  부자[시인]로 태어나다 
",미암기,2012-02-27 17:19:11
look like,bear a physical resemblance to,"1)…와 [모양이] 비슷하다; …인 것 같이 보이다, …할 것 같다 
What does it look like?  어떻게 생긴 것이냐?/It looks likerain. 비가 올 것 같다./He looks like a philosopher. 그는 철학자 같은 풍채다. 
",미암기,2012-02-27 17:19:11
care for,"have a liking, fondness, or taste","1)take cafe of ~: 돌보다
",미암기,2012-02-27 17:19:11
yell at,…에게 호통치다,,미암기,2012-02-27 10:50:15
How are you?,안녕하십니까?,"1)How are you
",미암기,2012-02-27 10:49:33
Long time no see.,[구어] 오랜만입니다.,"1)Hello
",미암기,2012-02-27 10:49:33
called,[서술형용사] [이름이] …라고 불리는,,미암기,2012-02-27 10:49:33
in the hospital,영 입원[퇴원]하여,,미암기,2012-02-27 10:46:50
How often … ?,"몇 차례나, 몇 번이나",,미암기,2012-02-27 10:46:50
go well,"잘 가, 안녕히 가세요. [작별의 말]",,미암기,2012-02-27 10:46:50
because of …,"[[전치사로 써서]] …때문에[owing to] , ~이 원인이 되어",,미암기,2012-02-27 10:46:50
drive a person nuts,"…을 신경질나게 하다, 미칠 지경이 되게 하다",,미암기,2012-02-27 10:46:50
be tolerant of,"…을 견뎌 내다, …을 관용하다",,미암기,2012-02-27 10:41:46
get used to,…에 익숙해지다 =become used to,,미암기,2012-02-27 10:41:06
be full of,"…에 몰두하고 있다; …투성이다, …이 많다, 가득 차다",,미암기,2012-02-27 10:38:47
be aware of,"…을 알아채다, …을 알다",,미암기,2012-02-27 10:38:47
excuse me,실례합니다|잠깐만요|죄송합니다|저기요|여보세요,,미암기,2012-02-27 10:35:19
here,여기|이곳|이쪽|저기,"1)여기에[서], 이곳으로, [문두, 문미에 써서] 이 점에서
",미암기,2012-02-27 10:35:19
designer,디자이너|설계자,,미암기,2012-02-27 10:35:19
different,다른|여러 가지의|종류|별개의|독특한,,미암기,2012-02-27 10:35:19
funny,재미있는|웃기는|이상한|농담조의|유쾌한,"1)익살스런
",미암기,2012-02-27 10:35:19
spot,장소|발견하다|위|점|관광지,,미암기,2012-02-27 10:35:19
prescription,처방,"1)처방전[약국]
",미암기,2012-02-27 10:35:19
break out,발생하다|일어나다|벗어나다|탈출하다|탈옥하다,,미암기,2012-02-27 10:35:19
release,발표하다|개봉하다|발매하다|공개하다|방출하다,,미암기,2012-02-27 10:35:19
catch a cold,"=take a cold 감기 들다, 감기 걸리다","1)감기에걸리다
",미암기,2012-02-27 10:31:31
have[has] to+동사원형,‘~해야 한다’ ,"1)Ex&gt;We all have to go. 우리 모두 가야 해요.
",미암기,2012-02-24 15:55:47
had better+동사원형,‘~하는 편이 낫다.’라는 표현입니다.,"1)Ex&gt;You had better see a doctor. 
의사 선생님을 만나 보는 것이 좋겠네요.
",미암기,2012-02-24 15:53:40
So long.,"안녕[good-bye], 그럼 또! [윗사람에게는 쓰지 않는 것이 좋습니다.]",,미암기,2012-02-24 15:53:13
I will be seeing you.,"또 만나요, 다음에 봐요.",,미암기,2012-02-24 15:52:44
longer,"long[긴, 오래 걸리는]의 비교급 입니다. 더 멀고 긴, 더 오래 걸리는",,미암기,2012-02-24 15:49:38
a little,,,미암기,2012-02-24 15:48:52
It’s up to you,당신에게 달려 있습니다. ,,미암기,2012-02-24 15:48:24
next week,다음 주,,미암기,2012-02-24 15:47:57
Why don’t you+동사원형,‘~하지 그래요?’라는 제안의 표현입니다.,"1)Ex&gt;Why don't you call me when you get downtown? 
시내에 도착해서 나한테 전화해 줄래요?
",미암기,2012-02-24 15:43:23
thanks for,~에 대해 감사하다. 고마워하다.,"1)Thank you for your trouble. 수고하셨습니다.
",미암기,2012-02-24 15:24:10
be from,"[출처, 기원, 유래] ~에서 오다, ~으로부터 나오다, ~출신이다. Ex&gt;I’m from Korea. ","1)I'm from Pusan.
",미암기,2012-02-24 14:52:54
knowledge,지식|아는 것|인지|학식,"1)the Ministry of Knowledge Economy 
지식경제부
",미암기,2012-02-24 09:01:49
popular,인기 있는|유명한|대중의|국민의,"1)enjoyed by a lot of people
대중이 좋아하는
",미암기,2012-02-17 08:59:13
circle,원|서클|돌다|그룹|사회,,미암기,2012-02-17 08:58:05
usage,사용|활용|실태|용법|양상,"1)our family's water usage
우리 가족의 물 사용량
",미암기,2012-02-10 09:11:46
useful,유용한|쓸모 있는|유익한|도움이 되는|실용적인,,미암기,2012-02-10 09:11:26
conditional,조건부의,,미암기,2012-01-29 15:35:04
honor,명예|영광|경의|수여하다|상,,미암기,2012-01-29 15:34:02
carry out,수행하다|이행하다|실시하다|실행하다|실천하다,"1)You must carry out your first plan.
너의 처음 계획을 실행해야 한다.
",미암기,2012-01-27 08:49:56
particularly,특히|특별하게,,미암기,2012-01-27 08:49:08
indication,가리키는|표시|징후,"1)의미, 암시

",미암기,2012-01-21 09:11:42
casualty,사상자|희생자|피해자|부상자,"1)부상자
",미암기,2012-01-15 15:38:34
rewarding,가치가 있는|보람이 있는|보람있는,,미암기,2012-01-15 15:37:33
allocate,할당하다|배분하다|책정하다,,미암기,2012-01-10 09:08:06
redeem,구하다|만회하다|교환|보상|상환하다,"1)변제하다, 약속을 이행하다, 벌충하다,
",미암기,2012-01-10 09:06:51
religious,종교의|신앙의|독실한,,미암기,2011-03-19 13:56:52
rapid,급속한|빠른|신속한|급격한|가파른,,미암기,2011-03-19 13:56:32
rainy,비가 오는,"1)비
",미암기,2011-03-19 13:56:32
precious,소중한|귀중한|중요한|귀여운,,미암기,2011-03-19 13:56:32
polite,공손한|예의 바른|정중한,"1)공손한
",미암기,2011-03-19 13:56:32
peaceful,평화적인|평화로운|편안한,,미암기,2011-03-19 13:56:32
other,다른|기타의|타인|나머지의|반면에,"1)다른, 별개의, ~이외의
",미암기,2011-03-19 13:56:32
noble,고귀한|귀족의|값비싼|기품,,미암기,2011-03-19 13:56:32
native,원주민의|토착의|태생의|고유한|토박이의,,미암기,2011-03-19 13:56:32
main,주요한|주된|중심적인|메인|주로 쓰이는,,미암기,2011-03-19 13:56:32
low,낮은|저|최저의|적은|떨어지는,,미암기,2011-03-19 13:56:32
flat,납작한|평면|아파트|시시한|변동 없는,,미암기,2011-03-19 13:54:38
fair,공정한|공평한|박람회|전시회|페어의,,미암기,2011-03-19 13:54:16
extreme,극단적인|극심한|극도의|지나친|과격한,,미암기,2011-03-19 13:54:00
excited,흥분한|신이 난|들뜨다|흥미로운|기대하는,,미암기,2011-03-19 13:54:00
empty,빈|비우다|없어지다|없는|공허한,,미암기,2011-03-19 13:54:00
direct,직접의|감독하다|연출하다|지시하다,,미암기,2011-03-19 13:54:00
safe,안전한|무사한|금고|세이프의|신중한,,미암기,2011-03-19 13:54:00
dangerous,위험한,,미암기,2011-03-19 13:54:00
vegetable,야채|식물,"1)야채
",미암기,2011-03-13 13:28:35
vase,꽃병|항아리,"1)꽃병
",미암기,2011-03-13 13:28:35
universe,우주|세계,"1)우주
",미암기,2011-03-13 13:28:35
type,유형|종류|양식|타자|타입,"1)타입, 견본, 활자, 타이프라이터로 치다, ~형을 분류하다.
",미암기,2011-03-13 13:28:35
triumph,승리|성공|업적|이기다|수상,,미암기,2011-03-13 13:28:35
trick,속이다|묘기|재주|요령|장난,,미암기,2011-03-13 13:28:35
spirit,정신|영혼|사람|유령|마음,,미암기,2011-03-06 14:45:19
spade,스페이드|삽,"1)삽
",미암기,2011-03-06 14:45:19
solution,해결책|방안|용액|해법|솔루션,,미암기,2011-03-06 14:45:19
snake,뱀|독사|스네이크|구렁이|뱀띠,,미암기,2011-03-06 14:45:19
slave,노예 제도의|노예|혹사당하다,,미암기,2011-03-06 14:45:19
situation,상황|사태|상태|관계|경우,,미암기,2011-03-06 14:45:19
site,사이트|현장|유적지|장소|부지,,미암기,2011-03-06 14:45:19
silk,실크|비단,"1)비단
",미암기,2011-03-06 14:45:19
purpose,목적|목표|의도|용도|명분,,미암기,2011-03-06 08:58:09
pumpkin,호박,"1)호박
",미암기,2011-03-06 08:58:09
pulse,맥박|파동,"1)맥박
",미암기,2011-03-06 08:58:09
pronunciation,발음,"1)발음법
",미암기,2011-03-06 08:58:09
problem,문제|과제|고민|의문|골칫거리,,미암기,2011-03-06 08:58:09
pressure,압력|압박|부담|기압|스트레스,,미암기,2011-03-06 08:58:09
praise,칭찬하다|찬사|높이 평가하다|칭송하다|호평,,미암기,2011-03-06 08:58:09
position,위치|입장|지위|자리|자세,,미암기,2011-03-06 08:58:08
magazine,잡지|지|매거진|무기고,"1)잡지
",미암기,2011-03-05 08:16:36
log,접속하다|벌채하다|통나무|기록하다,"1)통나무
",미암기,2011-03-05 08:16:36
lock,잠그다|갇히다|고정시키다|자물쇠|닫다,,미암기,2011-03-05 08:16:36
load,무게|부담량|싣다|로딩|장전하다,"1)짐을싣다
",미암기,2011-03-05 08:16:36
limit,제한|한계|한도|한정하다|범위,,미암기,2011-03-05 08:16:36
license,면허|허가|자격증|번호판|라이센스,,미암기,2011-03-05 08:16:36
liberty,자유|리버티|해방|멋대로,,미암기,2011-03-05 08:16:36
leaf,잎|나뭇잎|리프|잎사귀,,미암기,2011-03-05 08:16:36
lamb,새끼양|램|양고기|어린 양,,미암기,2011-03-05 08:16:36
horizon,지평선|수평선,"1)수평선
",미암기,2011-03-05 08:16:36
fence,울타리|담|펜싱|펜스|막다,"1)울타리
",미암기,2011-03-04 08:17:13
feather,깃털|가벼운 것,"1)깃털
",미암기,2011-03-04 08:17:13
fault,고장|잘못|결점|단층|사고,,미암기,2011-03-04 08:17:13
express,표현하다|나타내다|고속의|발표하다|급행,,미암기,2011-03-04 08:17:13
exit,출구|나가다|퇴출되다|종료하다,"1)출구
",미암기,2011-03-04 08:17:13
evil,사악한|악|악마|나쁜|해악,,미암기,2011-03-04 08:17:13
error,오차|오류|에러|실수|잘못,,미암기,2011-03-04 08:17:13
envelope,봉투,"1)봉투
",미암기,2011-03-04 08:17:13
enemy,적|적군|원수|적국|적대자,,미암기,2011-03-04 08:17:13
duck,오리|덕|요강|회피하다,"1)오리
",미암기,2011-03-04 08:17:12
drum,드럼|북,"1)북
",미암기,2011-03-04 08:17:12
bottom,바닥|아래|밑바닥|하위|최하의,,미암기,2011-03-03 18:17:48
bottle,병|우유|병에 담다|용기|술,"1)병, 술, &lt;영 속어&gt;용기
",미암기,2011-03-03 18:17:48
bone,뼈|골격|유골,"1)뼈
",미암기,2011-03-03 18:17:48
blood,혈액|피|혈통|혈연|유혈,,미암기,2011-03-03 18:17:48
blanket,담요|뒤덮다|전면적인|흥을 깨는|층(層),,미암기,2011-03-03 18:17:48
birth,탄생|출생|태어남|출산|낳다,"1)탄생
",미암기,2011-03-03 18:17:48
bike,자전거|오토바이,,미암기,2011-03-03 18:17:48
bee,벌,"1)꿀벌
",미암기,2011-03-03 18:17:48
beauty,아름다움|미용의|미|미인|미녀,,미암기,2011-03-03 18:17:48
beast,비스트|짐승|야수|동물|괴물같은,,미암기,2011-03-03 18:17:48
bat,박쥐|배트|방망이|치다|타석,,미암기,2011-03-03 18:17:48
base,기반|기초|위치하다|기지|…로 만든,,미암기,2011-03-03 18:17:48
instead,대신에|보다|하지만|그렇기는커녕|아닌,,미암기,2011-03-03 08:51:09
if,만약|…라면|만일,"1)[가정·조건을 나타내어] 만약 ~면, ~의 경우에는
",미암기,2011-03-03 08:51:09
ever,지금까지|이전에|항상|영원히|언제까지나,,미암기,2011-03-03 08:51:09
even,평평해지다|균등해지다|백중해지다|같은,,미암기,2011-03-03 08:51:09
else,다른|더|아니면|그 밖에,,미암기,2011-03-03 08:51:09
during,…중에도|…동안|…사이에,"1)[특정 기간의] ~동안, ~사이에
",미암기,2011-03-03 08:51:09
below,아래에|…이하의|영하의,,미암기,2011-03-03 08:51:09
single,하나의|단일의|싱글|독신의|유일한,"1)단 하나의, 혼자의, 한 개, 혼자서, 뽑아내다.
",미암기,2011-03-01 18:07:31
similar,비슷한|유사한|같은|흡사한|마찬가지,,미암기,2011-03-01 18:07:31
silent,침묵의|조용한|무성의|고요한|말 없는,,미암기,2011-03-01 18:07:31
shy,수줍은|부끄러운|내성적인|꺼리는|모자라는,,미암기,2011-03-01 18:07:31
short,짧은|단기의|단편|단거리|간단한,"1)[길이가] 짧은, 키가 작은, 간단한, 부족한
",미암기,2011-03-01 18:07:31
several,몇|여러|수|많은|일부,,미암기,2011-03-01 18:07:31
same,같은|똑같은|동일한|마찬가지로|일치하는,"1)같은, 방금 말한, 마찬가지로, 동일한 것
",미암기,2011-03-01 18:07:31
rude,무례한|거친,,미암기,2011-03-01 18:07:31
quick,빠른|빨리|신속한|급한|민첩한,,미암기,2011-03-01 18:07:31
private,민간의|개인의|사립의|사적인|사설의,,미암기,2011-03-01 18:07:31
perfect,완벽한|완전한|최적의|퍼펙트|이상적인,,미암기,2011-03-01 18:07:31
honest,솔직한|정직한|정당한|성실한,,미암기,2011-03-01 09:15:30
golden,황금의|골든|가장 좋은|절호의,,미암기,2011-03-01 09:15:30
giant,거대한|자이언트|거인|위대한,,미암기,2011-03-01 09:15:30
few,몇몇의|거의 없는|소수의|소수의 사람|약간의,,미암기,2011-03-01 09:15:30
dark,어두운|지다|암흑|어둠|모르다,,미암기,2011-02-27 16:44:56
correct,정확한|수정하다|맞다|올바른|옳은,,미암기,2011-02-27 16:44:56
cool,냉각|멋진|시원한|좋다|식히다,,미암기,2011-02-27 16:44:56
common,공통의|흔한|일반적인|공동의|보통의,,미암기,2011-02-27 16:44:56
comfortable,편안한|편한|쾌적한|안락한|안정된,,미암기,2011-02-27 16:44:56
uniform,유니폼|똑같은|일제히,,미암기,2011-02-26 08:56:40
truth,진실|사실|진리|진상|진심,,미암기,2011-02-26 08:56:40
trust,신뢰|믿음|신탁|기업합동|신용,"1)Without rust there, can be no sale. 
신용 없이는 판매가 있을 수 없다.
",미암기,2011-02-26 08:56:40
trouble,문제|곤란|어려움|고민|말썽,,미암기,2011-02-26 08:56:40
tradition,전통|전해지는|관습,,미암기,2011-02-26 08:56:40
science,과학|사이언스|학문,,미암기,2011-02-24 09:13:48
refrigerator,냉장고|냉동기,,미암기,2011-02-24 09:13:48
race,경주|인종|경쟁|경기|선거전,,미암기,2011-02-24 09:13:48
progress,발전|진전|진보|진행|진척,,미암기,2011-02-24 09:13:48
lesson,교훈|수업|가르치다|단원,,미암기,2011-02-23 08:56:50
law,법|법칙|법률|법안|규정,,미암기,2011-02-23 08:56:50
kindness,친절|호의,,미암기,2011-02-23 08:56:50
kindergarten,유치원,,미암기,2011-02-23 08:56:50
justice,정의|사법|공정|재판|판사,,미암기,2011-02-23 08:56:50
junior,주니어|2학년인|1학년인|3학년인|후배,,미암기,2011-02-23 08:56:50
heaven,천국|하늘,,미암기,2011-02-23 08:56:50
freedom,자유|석방,,미암기,2011-02-22 08:23:09
form,형태|형성하다|형식|만들다|종류,,미암기,2011-02-22 08:23:09
fox,여우|폭스|매력적인,,미암기,2011-02-22 08:23:09
foreigner,외국인|관광객 |이방인|국외자|외인,,미암기,2011-02-22 08:23:09
floor,바닥|층|의원|마루|발언권,,미암기,2011-02-22 08:23:09
feeling,느낌|감정|기분|마음|감각,,미암기,2011-02-22 08:23:09
engineer,공학자|기술자|엔지니어|운영하다|공병,,미암기,2011-02-22 08:23:09
difference,차이|차액|다른점|변화|구별,,미암기,2011-02-20 14:51:52
culture,문화|배양|문명,,미암기,2011-02-20 14:51:52
crowd,군중|붐비다|관객|많음|혼잡,,미암기,2011-02-20 14:51:52
cost,비용|가격|얼마이다|들다|경비,,미암기,2011-02-20 14:51:52
clothes,옷|의복|의상|세탁물|옷가지,"1)옷, 의복, 침구, 세탁물
",미암기,2011-02-20 14:50:59
choice,선택|결정|선정|종류,"1)선택, 선택권
",미암기,2011-02-20 14:50:59
chief,장관|최고의|국장|주요한|추장,,미암기,2011-02-20 14:50:59
century,세기|100년,,미암기,2011-02-20 14:50:59
butterfly,나비|접영|두근거리는|인간관계가 좋은 사람,,미암기,2011-02-20 14:49:17
bridge,교량|다리|브리지|육교|메우다,,미암기,2011-02-20 14:49:17
brain,뇌|두뇌|머리|브레인,,미암기,2011-02-20 14:49:17
bit,조금|약간,,미암기,2011-02-20 14:49:17
bar,바|술집|막대|판매대,,미암기,2011-02-20 14:49:17
each other,서로|상호,"1)The two boys always help each other.
그 두소년은 항상 서로 돕는다.

each other : 서로 [두 사람일 때] 
on-e another : 서로 [주로 세 사람일 때]

",미암기,2011-02-20 09:38:10
modesty,겸손|정숙함|소박함,"1)Everybody knows her modesty. 
모든 사람이 그녀의 겸손함을 알고 있다.

",미암기,2011-02-19 08:46:50
moment,순간|지금|때|잠깐|기회,"1)Don't waste your time seeking after momentary joys. 
순간적인 기쁨을 위해 당신의 시간을 낭비하지 마세요.

",미암기,2011-02-19 08:46:50
for a moment,잠깐 동안|당장 그때만|잠시 동안,"1)Wait here for a moment.
잠시 동안 여기에서 기다려라
",미암기,2011-02-16 08:44:47
for example,예를 들면|한 예|가령|예컨대,"1)For example, a whale is not fish.
예를 들면, 고래는 물고기가 아니다.
",미암기,2011-02-16 08:44:47
recruit,채용하다|모집하다|선발하다|신병|신입사원,"1)In war time, many young men were recruited. 
전쟁중 많은 젊은이들이 징집되었다.
",미암기,2011-02-15 14:45:38
fare,운임|요금|실적을 내다|상연물,"1)What is the train fare from Daejeen to Seoul? 
대전에서 서울까지 기차 요금이 얼마나 하죠?
",미암기,2011-02-15 14:45:38
entitle,자격을 주다|제목을 붙이다,"1)…의 칭호를 주다, 권리[자격] 를 주다 [to] 

All the members of this meeting are entitled to vote.
이 회의에 있는 회원 모두에게 투표할 권리가 주어졌다.

",미암기,2011-02-14 08:55:40
factory,공장|회사|제조소|팩토리,,미암기,2011-02-13 13:57:54
busy,바쁜|분주한|붐비다|통화 중인,"1)The line was busy this time. 
이 시간에는 통화 중이었습니다
=바쁜, 교통이 빈번한, 통화중인, 바쁘게 하다.
",미암기,2011-02-13 13:57:54
view,보기|견해|관점|전망|관찰하다,"1)The view from the top floor is very good. 
맨 위층의 전망은 매우 좋다.

",미암기,2011-02-13 08:39:13
due,예정인|정당한|때문에|세금|인해,"1)Dues are $10.00 per year for each member of this meeting. 
이 모임의 회원은 년 간 회비가 10달러이다.

",미암기,2011-02-12 08:33:13
receive,받다|수상하다|얻다|접수하다|당하다,,미암기,2011-02-12 08:33:13
capital,자본|수도|자금|자산|대문자,"1)She has an enough capital for the investment. 
그녀는 그 투자에 필요한 충분한 자본을 가지고 있다.

",미암기,2011-02-11 09:03:57
delivery,분만|배달|배송|인도|운송,"1)We do have a delivery service. 
우리는 배달 봉사를 하고 있습니다.
",미암기,2011-02-11 09:03:57
earning,얻다|소득|벌다,"1)My earnings rose 20% in the first quarter of this year. 
나의 수입이 올해 1분기에 20% 증가했다.

",미암기,2011-02-10 10:09:22
display,보여주다|(작품을) 전시하다|디스플레이|표현하다|화면,"1)The new  house model is displayed here. 
새 집 모델이 이곳에 진열되어 있습니다.

",미암기,2011-02-10 10:09:22
present,현재의|보여주다|제시하다|선물하다|발표하다,,미암기,2011-02-08 09:06:31
consent,동의하다|승낙하다|이구동성으로,"1)You haven't given me your consent yet. 
당신은 아직 동의를 하지 않으셨습니다.
",미암기,2011-02-08 09:06:31
insurance,보험|보험금,"1)보험[계약], 보험료, 보증
",미암기,2011-02-07 08:32:43
hold out,견디다|지탱되다|유지되다,"1)One man holds out his hand to another.
한 사람이 다른 또 한 사람에게 손을 내민다.

",미암기,2011-02-06 11:05:45
grow up,자라나다|성장|크다|유년기를 보내다|어른이 되다,"1)Where did you grow up? 
당신은 어디서 자랐습니까?

",미암기,2011-02-06 11:05:45
in short,요컨대|간단히 말해|요약하면,"1)In short, our bodies talk, too.
요약하면 우리의 신체 역시 말을 하는 것이다.
",미암기,2011-02-05 10:36:14
all around,다재다능한|전반에 걸친|전면적인,"1)There were many flowers all around.
꽃이 도처에 많이 있다
",미암기,2011-02-04 12:50:04
after school,방과 후의|방과 후,"1)What do you do after school?
방과후에 뭐할거니?
",미암기,2011-02-04 12:50:04
no longer,더 이상 …이 아닌|이미 …아니다|더 이상…않다,"1)You are no longer a little boy.
[너는 더 이상 어린아이가 아니다.]
",미암기,2011-02-03 09:46:11
on foot,걸어서|도보로|착수되어,"1)I went there on foot.
[나는 도보로 거기에 갔다.]

",미암기,2011-02-03 09:46:11
well,잘|흠|충분히|나은|우물,"1)잘, 건강하여, 글쎄[요]
",미암기,2011-02-02 09:10:12
without,…없이|…하지 않고,,미암기,2011-02-02 09:10:12
whole,전체|모든|전|완전히|전부,,미암기,2011-02-02 09:10:12
stand for,…을 나타내다|상징하다|대표하다,,미암기,2011-02-01 09:47:24
judge,판사|판단하다|판결하다|평가하다|심판하다,"1)판사[법원]
",미암기,2011-01-31 09:29:05
unfair,부당한|불공정한|불공평한|억울한,,미암기,2011-01-31 09:29:05
unexpected,예기치 않은,,미암기,2011-01-31 09:29:05
unemployment,실업,"1)실직
",미암기,2011-01-31 09:29:05
undertaking,사업|실시|맡은,,미암기,2011-01-31 09:29:05
take out,…을 꺼내다|인출하다|내가다,"1)Take out your shoes.
신발을 꺼내라
",미암기,2011-01-30 12:42:48
take care of,돌보다|신경쓰다|관리|처리|책임,"1)돌보다
",미암기,2011-01-30 12:42:48
take off,이륙하다|벗기다|나가버리다|시작하다|지우다,"1)Take off shoes in the room.
실내에서는 신을 벗어라

",미암기,2011-01-30 12:42:48
summary,요약|개괄|약식|성명,,미암기,2011-01-29 10:06:25
suggest,제안하다|시사하다|제시하다|암시하다|제의하다,"1)제안하다, 암시하다.
",미암기,2011-01-29 10:06:25
suddenly,갑자기|순식간에,,미암기,2011-01-29 10:06:25
such,…같은|그러한|이러한|그렇게|매우,,미암기,2011-01-29 10:06:25
success,성공|성과|달성|성공한 사람|대히트,,미암기,2011-01-29 10:06:25
soon,곧|조만간|빨리|바로|금방,"1)곧, 빨리, 기꺼이
",미암기,2011-01-28 09:32:04
some,일부|몇|어떤|…중에는|약간,,미암기,2011-01-28 09:32:04
solve,해결하다|풀다|해소하다|처리하다|밝히다,,미암기,2011-01-28 09:32:04
slightly,약간|조금|가볍게,,미암기,2011-01-28 09:32:04
skill,기술|실력|기능|솜씨,,미암기,2011-01-28 09:32:04
singly,단독으로|하나씩|홀로,,미암기,2011-01-28 09:32:04
return,돌아오다|복귀하다|돌아가다|돌려주다|수익,"1)돌려주다, 반환하다, 획득
",미암기,2011-01-27 09:47:06
retire,은퇴하다|퇴직하다|퇴역시키다|퇴임하다|물러나다,,미암기,2011-01-27 09:47:06
retail,소매|유통|판매|매장|마트,,미암기,2011-01-27 09:47:06
resume,재개하다|다시 시작하다|이력서|경력|되찾다,,미암기,2011-01-27 09:47:06
result,결국|결과|성과|효과|초래한다,,미암기,2011-01-27 09:47:06
restrict,제한하다|규제|금지하다|제약|통제,,미암기,2011-01-27 09:47:06
restrain,제한하다|자제하다|검거하다|금지하다|압박하다,,미암기,2011-01-27 09:47:06
reject,거부하다|거절하다|기각하다|받아들이지 않다|부인하다,,미암기,2011-01-26 11:46:02
region,지역|지방|지대,,미암기,2011-01-26 11:46:02
regard,관련되다|간주하다|보다|여기다|생각하다,,미암기,2011-01-26 11:46:02
refuse,거부하다|거절하다|쓰레기|사절하다,,미암기,2011-01-26 11:46:02
refresh,신선한|상쾌하게 하다|새로운|시원한| 되살리다,,미암기,2011-01-26 11:46:02
reach,도달하다|이르다|손을 뻗다|닿다|도착하다,,미암기,2011-01-25 09:28:34
rather,…보다는|오히려|…대신|차라리|상당히,,미암기,2011-01-25 09:28:34
rate,속도|비율|평가되다|요금|가격,"1)비율, 요금, 속도, 세금, 등급
",미암기,2011-01-25 09:28:34
raise,높이다|올리다|오르다|인상|제기하다,,미암기,2011-01-25 09:28:34
rail,철도|레일|철로|난간,,미암기,2011-01-25 09:28:34
quote,인용하다|전하다|발언|문구,,미암기,2011-01-25 09:28:34
permissible,허용되는|무방한|소지가 허가된,,미암기,2011-01-24 10:23:47
permanently,영구적으로|영원히|상시,,미암기,2011-01-24 10:23:47
periodical,정기 간행물|잡지|정기의,,미암기,2011-01-24 10:23:47
perform,공연하다|수행하다|연주하다|연기하다|노래하다,,미암기,2011-01-24 10:23:47
pension,연금|연기금|퇴직금|자산|펜션,,미암기,2011-01-24 10:23:47
penalty,처벌|벌금|페널티|불이익,,미암기,2011-01-24 10:23:47
overestimate,…을 과대평가하다|과대평가|…을 지나치게 많이 견적하다,,미암기,2011-01-24 10:23:47
pending,현안의|남아있는|계류중인|미결|당면한,,미암기,2011-01-24 10:22:18
patent,특허|보호|의장,,미암기,2011-01-24 10:22:18
participant,참가자|참여자|관계자|참석자|사람들,,미암기,2011-01-24 10:22:18
pace,속도|페이스|보조를 맞추다,,미암기,2011-01-24 10:22:18
overtime,초과 근무|시간 외의|잔업|연장전,,미암기,2011-01-24 10:22:18
oversee,감독하다|두루 살피다|감시하다,,미암기,2011-01-24 10:22:18
overload,과부하|…에 너무 짐을 많이 싣다|초과 적재,,미암기,2011-01-24 10:22:18
overcome,극복하다|이겨내다|해결|넘는|회복,,미암기,2011-01-24 10:22:18
loss,손실|잃음|사상자수|감소|패배,,미암기,2011-01-23 13:51:12
lightly,가볍게|살짝|쉽게|경솔히|들떠서,,미암기,2011-01-23 13:51:12
lift,들어 올리다|해제하다|태워주다|엘리베이터|양력,,미암기,2011-01-23 13:51:12
liberally,자유롭게|관대하게|아낌없이,,미암기,2011-01-23 13:51:12
lessen,줄이다|완화하다|감소하다,,미암기,2011-01-23 13:51:12
lean,기대다|기울어지다|숙이다|성향|살코기,,미암기,2011-01-23 13:51:12
lax,느슨한|태만한|로스엔젤레스 공항,,미암기,2011-01-23 13:51:12
lack,부족|…이 없다|결핍|부재|모자라다,,미암기,2011-01-23 13:51:12
issue,문제|쟁점|이슈|사안|발행하다,,미암기,2011-01-23 13:51:12
irregular,비정규의|불규칙의|비정상적인|불안정,,미암기,2011-01-23 13:51:12
investigate,조사하다|수사하다|살피다,,미암기,2011-01-23 13:51:12
interest,이자|관심|이해관계,,미암기,2011-01-23 13:51:12
indicate,나타내다|가리키다|표시하다|지적하다|암시하다,,미암기,2011-01-22 10:57:09
identical,똑같은|동일한|일란성의|닮은,,미암기,2011-01-22 10:57:09
impress,인상|감명을 주다|감동시키다,,미암기,2011-01-22 10:56:34
important,중요한|주요한|중대한|소중한,,미암기,2011-01-22 10:56:34
import,수입하다|중요하다|들여오다,,미암기,2011-01-22 10:56:34
immediate,즉각적인|즉시|당장|시급한|직접적인,,미암기,2011-01-22 10:56:34
illustrate,설명하다|삽화를 넣다|예시하다,,미암기,2011-01-22 10:56:34
illiterate,문맹,,미암기,2011-01-22 10:56:34
unlawful,법에 어긋나는|적출이 아닌|불법적인,,미암기,2011-01-22 10:56:34
illegal,불법적인|위법인|법으로 금지된,,미암기,2011-01-22 10:56:34
horizontal,수평의|가로의|바로 누운,,미암기,2011-01-22 10:56:34
identify,확인하다|알아보다|밝히다|식별하다|발견,,미암기,2011-01-21 16:55:42
friction,마찰|불화,,미암기,2011-01-21 16:53:31
freely,아낌없이|자유롭게|기꺼이,,미암기,2011-01-21 16:53:31
frequent,잦은|자주|빈번한|흔한|종종,,미암기,2011-01-21 16:53:31
fraud,사기|분식|부정|조작|위조,,미암기,2011-01-21 16:53:31
fragment,파편|분열하다|무리,"1)파편
",미암기,2011-01-21 16:53:31
fragile,취약한|깨지기 쉬운|부진한|쉽게 영향을 받는,,미암기,2011-01-21 16:53:31
foundation,재단|기반|창립|토대|파운데이션,,미암기,2011-01-21 16:53:31
forward,앞으로|발전한|전진하는|포워드|진보적인,,미암기,2011-01-21 16:53:31
forum,포럼|회의|회담|토론회|위원회,"1)토론회
",미암기,2011-01-21 16:53:31
formula,공식|방식|포뮬러 1|처방|유동식,"1)공식
",미암기,2011-01-21 16:53:31
former,전의|전임의|과거의|전자의,,미암기,2011-01-21 16:53:31
entrance,입구|들어가기|입학|현관,"1)입구
",미암기,2011-01-20 15:52:29
entire,전체의|내내|완전한|전반적인,,미암기,2011-01-20 15:52:29
enthusiasm,열정|열광|열망,,미암기,2011-01-20 15:52:29
enter,들어가다|입장하다|입력하다|참가하다|훈련시키다,,미암기,2011-01-20 15:52:29
enhance,향상하다|강화하다|증진|높이다|개선시키다,,미암기,2011-01-20 15:52:28
enforce,시행하다|집행하다|…을 강요하다|강력히 주장하다|금지하다,,미암기,2011-01-20 15:52:28
endorse,지지하다|통과시키다|동의|광고하다|지원,,미암기,2011-01-20 15:52:28
defect,결함|장애|탈주|이탈,,미암기,2011-01-20 10:19:22
dramatic,극적인|급격한|인상적인|드라마틱한|연극의,,미암기,2011-01-20 10:19:22
drain,배수하다|유출하다|소비하다|허사가 되다|마시다,"1)하수구
",미암기,2011-01-20 10:19:22
domesticate,길들이다|재배할 수 있도록 하다|가정에 정들게 하다,,미암기,2011-01-20 10:19:22
dominant,지배적인|우세한|주도|우성|대부분,,미암기,2011-01-20 10:19:22
donation,기부|기증|헌혈|모금|성금,,미암기,2011-01-20 10:16:21
donor,기증자|증여자|제공자,,미암기,2011-01-20 10:16:21
double,2배의|2중의|두 배의|더블의|갑절,"1)두 배의, 이중으로, 배, 두 배로 하다.
",미암기,2011-01-20 10:16:21
divide,나누다|분할하다|분열시키다|가르다|분리하다,"1)분할하다
",미암기,2011-01-20 10:16:21
diversify,…을 다양화하다|다각화하다|여러 가지로 변화시키다,,미암기,2011-01-20 10:16:21
diverse,다양한|여러 가지의|다른|광범위한|각계 각층의,,미암기,2011-01-20 10:16:21
distribute,나눠주다|배포하다|분배하다|공급하다|공유하다,,미암기,2011-01-20 10:16:21
distract,관심이 멀어지다|주의를 빼앗다|산만하게 하다|초점을 흐리다,,미암기,2011-01-20 10:16:21
right,권리|인권|옳은|바로|맞는,"1)바른, 적절한, 오른쪽의, 건강한
",미암기,2011-01-19 14:09:13
diagnose,진단하다|규명하다|원인을 규명하다,,미암기,2011-01-19 10:01:35
devise,마련하다|고안하다|만들어내다|계획|방법,,미암기,2011-01-19 10:01:35
device,장치|기기|기구|고안|폭발물,,미암기,2011-01-19 10:01:35
develop,개발하다|발전하다|만들다|키우다|성장하다,,미암기,2011-01-19 10:01:35
determined,결정된|결심한|생각|결의|의지,,미암기,2011-01-19 10:01:35
detergent,세제,"1)주방세제
",미암기,2011-01-19 10:01:35
deter,단념시키다|방해하다|저지하다,,미암기,2011-01-19 10:01:35
locate,위치하다|찾아내다|위치를 찾다|발견하다|자리잡고 있다,,미암기,2011-01-19 10:01:35
detect,찾아내다|감지하다|발견하다|검출하다|진단,,미암기,2011-01-19 10:01:35
destination,목적지|관광지|여행지|장소|목표,,미암기,2011-01-19 10:01:35
designed,계획적인|고의의|도형을 뜬,,미암기,2011-01-19 10:01:35
expensive,비싼|돈이 많이 드는|고가의|많은 비용|사치스러운,,미암기,2011-01-17 15:21:49
steep,가파른|급격한|경사|극단적인,"1)가파른, 경사가 급한 &lt;구어&gt; [세금, 요금 등이] 터무니없는, 엄청난
",미암기,2011-01-17 15:21:49
pricey,값비싼,,미암기,2011-01-17 15:21:49
costly,값이 비싼|사치스러운|값비싼,,미암기,2011-01-17 15:21:49
corruption,부패|비리|부정|타락,,미암기,2011-01-17 15:21:05
correspondent,특파원|기자|일치하는,,미암기,2011-01-17 15:21:05
correspond,해당하다|일치하다|교신하다,,미암기,2011-01-17 15:21:05
correlate,상관물|서로 관련시키다|상관관계를 입증하다,,미암기,2011-01-17 15:19:53
core,핵심|코어|중요한|핵|근원,,미암기,2011-01-17 15:19:53
cooperate,협력하다|협조하다|협동하다,,미암기,2011-01-17 15:19:53
convoy,호송하다|호위대|호위함,,미암기,2011-01-17 15:19:53
convince,설득하다|확신시키다|납득시키다,,미암기,2011-01-17 15:19:53
carry,휴대하다|싣다|옮기다|갖다|운반하다,"1)물건을 나르다
",미암기,2011-01-17 15:19:53
convey,전달하다|전하다|나타내다|의미하다,"1)운반하다
",미암기,2011-01-17 15:19:53
convert,전환하다|바꾸다|개조하다|개종하다|득점하다,,미암기,2011-01-17 15:19:53
conversion,전환|변화|환산|융합,,미암기,2011-01-17 15:19:53
convergence,집중성|한점에의 집합|집합함,,미암기,2011-01-17 15:19:53
conventional,전통적인|틀에 박힌|관습의,,미암기,2011-01-17 15:19:53
convention,협약|대회|컨벤션|회의|관습,"1)총회
",미암기,2011-01-17 15:19:53
convenience,편의|편리|편한|편익|용이함,,미암기,2011-01-17 15:19:53
contract,계약서|계약|맺다|수축하다|걸리다,,미암기,2011-01-17 15:17:40
continually,계속해서|지속적으로|끊임없이|자꾸,,미암기,2011-01-17 15:17:40
contest,대회|콘테스트|경쟁하다|선거,,미암기,2011-01-17 15:17:40
content,콘텐츠|내용|함유량|만족하는|목차,,미암기,2011-01-17 15:17:40
contain,들어있다|함유하다|포함하다|담다|담고 있다,,미암기,2011-01-17 15:17:40
consumption,소비|소비량|폐결핵,,미암기,2011-01-17 15:17:40
contact,접촉|연락|콘택트 렌즈|교제|시선을 마주치다,,미암기,2011-01-17 15:17:40
connection,연결|관계|관련|접속|연줄,,미암기,2011-01-17 15:16:28
considerable,상당한|꽤,,미암기,2011-01-17 15:15:59
consider,고려하다|생각한다|여기다|평가되다|검토하다,,미암기,2011-01-17 15:15:59
consequence,결과|대가|영향|중요성|성과,,미암기,2011-01-17 15:15:59
conquest,정복|승리|점령,,미암기,2011-01-17 15:15:59
conform,일치하다|따르다,,미암기,2011-01-17 15:15:59
conflict,갈등|분쟁|대립|전쟁,,미암기,2011-01-17 15:15:59
casual,캐주얼의|편한|평상복의|평상시의|우연한,,미암기,2011-01-17 13:15:51
case,경우|환자|사건|상자|소송,,미암기,2011-01-17 13:15:51
captive,감금된|포로|어쩔 수 없는,,미암기,2011-01-17 13:15:51
candidate,후보자|지원자|수험생,,미암기,2011-01-17 13:15:51
barter,교환|거래|흥정|팔다,,미암기,2011-01-16 16:32:57
barely,거의 …않다|겨우|간신히,,미암기,2011-01-16 16:32:57
bankruptcy,파산|부도,,미암기,2011-01-16 16:32:57
prohibit,금지하다|막다|통제하다|방해하다,,미암기,2011-01-16 16:32:57
forbid,금지하다|어렵게하다|용납하지 않다,,미암기,2011-01-16 16:32:57
ban,금지|못하다|규제|반대|금하다,,미암기,2011-01-16 16:32:57
banner,현수막|배너|기치|대표,,미암기,2011-01-16 16:32:57
balance,균형|안정|조화|잔고,,미암기,2011-01-16 16:31:36
awfully,아주|상당히|너무,,미암기,2011-01-16 16:31:36
award,상|수여하다|어워드|상금,,미암기,2011-01-16 16:31:36
avalanche,사태|눈사태,,미암기,2011-01-16 16:31:36
available,이용할 수 있는|이용 가능한|유효한|유용한|시간이 있는,"1)이용할 수 있는, 손에 넣을 수 있는
",미암기,2011-01-16 16:31:36
automate,자동화하다|오토메이션화하다|오토메이션 기술을 사용하다,,미암기,2011-01-16 16:30:37
authorization,위임|허가|권한 부여,,미암기,2011-01-16 16:30:37
authority,당국|권한|권위|권위자|권력,,미암기,2011-01-16 16:30:37
authentic,진정한|진짜의|실제의|믿을 만한,,미암기,2011-01-16 16:30:37
audit,감사|세무조사|단속|청강,,미암기,2011-01-16 16:30:37
auction,경매|…을 경매하다|…을 경매에 부치다,,미암기,2011-01-16 16:30:37
attractive,매력적인|매혹적인,,미암기,2011-01-16 16:30:37
attorney,변호사| 지방 검사|법무장관|법정대리인| 위임장,,미암기,2011-01-16 16:30:37
attentive,주의 깊은|세심한|친절한,,미암기,2011-01-16 16:30:37
attention,관심|주의력|주의|주목|집중,,미암기,2011-01-16 16:30:37
attendee,참석자|출석자,,미암기,2011-01-16 16:30:37
attendant,승무원|종업원|참석자|수행원,,미암기,2011-01-16 16:30:37
attendance,출석|관객|참석|돌봄,,미암기,2011-01-16 16:30:37
instruction,교육|지시|방법|설명|교본,,미암기,2011-01-16 16:30:37
enclose,에워싸다|둘러싸다|동봉하다|첨부하다,,미암기,2011-01-16 16:30:37
attach,포함하다|부착하다|붙이다|연결|달다,,미암기,2011-01-16 16:30:37
approach,접근하다|접근법|방법|다가오다|도달하다,,미암기,2011-01-16 12:02:49
appreciate,알아주다|감사하다|고마워하다|오르다|이해하다,,미암기,2011-01-16 12:02:49
designate,지정하다|지명하다|선정하다,,미암기,2011-01-16 12:02:49
nominate,지명하다|후보에 오르다|추천하다|임명하다,,미암기,2011-01-16 12:02:49
appoint,임명하다|지명하다|지정하다,,미암기,2011-01-16 12:02:49
apply,적용하다|지원하다|신청하다|응용하다|쓰다,,미암기,2011-01-16 12:02:49
amnesty,대사|특사|…에게 대사를 내리다,,미암기,2011-01-16 11:59:29
adversity,역경|재난|불운,,미암기,2011-01-16 11:59:29
advise,권하다|조언하다|알리다|…하는 게 좋다|상담하다,,미암기,2011-01-16 11:59:29
advent,출현|도래|등장|일어남|대림절,,미암기,2011-01-16 11:59:29
alive,살아 있는|생기에 넘치는|이 세상의|계속하여|생생한,,미암기,2011-01-16 11:59:29
alert,경계|주의하다|알림|집중하다|기민한,,미암기,2011-01-16 11:59:29
agreement,협정|합의|동의|계약|조화,,미암기,2011-01-16 11:59:29
agenda,의제|과제|안건|아젠다|정책,,미암기,2011-01-16 11:59:29
affect,영향을 주다|작용하다|감염시키다|…체하다,,미암기,2011-01-16 11:59:29
advantage,이점|우위|유리|이익|혜택,,미암기,2011-01-15 12:34:14
accumulation,축적|누적|축적물,,미암기,2011-01-15 12:34:14
accurately,정확하게|그대로,,미암기,2011-01-15 12:34:14
admission,입학|입원|인정|입장|승인,,미암기,2011-01-15 12:33:26
adjourn,휴회하다|회의를 연기하다,,미암기,2011-01-15 12:33:26
adjust,조정되다|적응하다|감안하다|조절하다|맞추다,,미암기,2011-01-15 12:33:26
adhere,고수하다|들러붙다|달라붙다,,미암기,2011-01-15 12:33:26
address,주소|연설하다|해결하다|이야기하다|부르다,,미암기,2011-01-15 12:33:26
addition,추가|덧셈|증축|등재,,미암기,2011-01-15 12:33:26
acquire,얻다|인수하다|갖다|배우다|구입하다,,미암기,2011-01-15 12:33:26
adapt,적응하다|변화|적용|각색하다|익숙해지다,,미암기,2011-01-15 12:33:26
advisable,타당한|현명한|권할 만한,,미암기,2011-01-15 12:33:26
at the same time,동시에|같은 시간|한번에|역시|한편,,미암기,2011-01-14 09:51:21
meanwhile,"the time between one event, process, or period and another",,미암기,2011-01-13 10:14:53
tension,긴장|팽팽함|갈등|불안,,미암기,2011-01-13 10:14:53
further,더|더 나아가|더 멀리|게다가|그 이상의,,미암기,2011-01-13 10:14:53
refrain,자제하다|삼가다|후렴,,미암기,2011-01-13 10:14:53
stress,스트레스|강조하다|압박|중점을 두다,,미암기,2011-01-13 10:14:53
ease,완화하다|덜어주다|쉬움|편해지다|진정시키다,,미암기,2011-01-13 10:14:53
declare,선언하다|말하다|주장|선고하다|신고하다,,미암기,2011-01-13 10:14:53
forecast,예상|전망하다|예보|내다보다,,미암기,2011-01-13 10:14:53
prevent,막다|방지하다|예방하다|못하게 하다|금지하다,,미암기,2011-01-12 10:39:58
severe,심각한|무거운|가차없는|크게|엄격한,,미암기,2011-01-12 10:39:58
order,명령하다|질서|주문하다|순서|제도,"1)주문하다, 명령하다, 정돈하다, 순서, 질서
",미암기,2011-01-12 10:39:58
emergency,응급|비상|긴급한|위기|급변,,미암기,2011-01-12 10:39:58
sweep,휩쓸다|청소하다|압승하다|조사하다,,미암기,2011-01-12 10:39:58
freeze,동결|냉동하다|얼다|추워지다|멈추다,,미암기,2011-01-12 10:39:58
respective,각각의|각자의|…에 따라|저마다의|존경스러운,,미암기,2011-01-11 10:31:23
disguise,위장|변장|가장하다|숨기다|사칭,,미암기,2011-01-11 10:31:23
counter,대응|반대의|대책|카운터|역행,,미암기,2011-01-11 10:31:23
outline,윤곽|개요|…의 윤곽을 그리다,,미암기,2011-01-11 10:31:23
remain,남다|머무르다|잔존하다|살아남다|체류하다,,미암기,2011-01-09 13:27:38
dialogue,대화,,미암기,2011-01-09 13:27:38
temporary,일시적인|임시의|비정규직|가설|잠정,,미암기,2011-01-08 09:53:40
finance,재정|금융|재무|자금|재원,,미암기,2011-01-08 09:53:40
effort,노력|작업|활동,,미암기,2011-01-08 09:53:40
forth,앞으로|밖으로|이후,,미암기,2011-01-08 09:53:40
inflation,인플레이션|물가 인상|증가|부풀리기,,미암기,2011-01-07 10:29:19
stock,주식|증권|스톡|재고,,미암기,2011-01-07 10:29:19
expected,예상된|보인다|기대된|전망|예정,,미암기,2011-01-07 10:29:19
strategy,전략|방법|계획,,미암기,2011-01-07 10:29:19
agriculture,농업|축산,,미암기,2011-01-07 10:29:19
feature,특징|기능|출연하다|특집|얼굴,,미암기,2011-01-07 10:29:19
economic,경제의|경기의,,미암기,2011-01-06 09:51:29
export,수출|수출액|수출품,,미암기,2011-01-06 09:51:29
accomplishment,성취|업적|완성,,미암기,2011-01-06 09:51:29
social,사회의|소셜|사교적인|사회주의의|사귀는,,미암기,2011-01-06 09:51:29
political,정치의|정당의|정계의|정략의,,미암기,2011-01-06 09:51:29
attend,참석하다|다니다|주의하다|돌보다,,미암기,2011-01-06 09:51:28
familiar,익숙한|친숙한|잘 아는|낯익은,,미암기,2011-01-05 16:12:25
mimic,흉내내다|흉내쟁이|가짜의,,미암기,2011-01-05 16:12:25
stimulating,활기를 주는|자극을 주는|자극적인,,미암기,2011-01-05 16:12:25
gradually,점차적으로|점진적으로|서서히|점점,,미암기,2011-01-05 16:12:25
grow,성장하다|자라다|증가하다|크다|늘다,"1)~자라다, ~이 되다, 키우다.
",미암기,2011-01-05 16:12:25
childhood,유아기|어린 시절|소아기|아동기|유년기,,미암기,2011-01-05 16:12:25
various,다양한|여러가지의|많은|얼룩덜룩한,,미암기,2011-01-05 16:12:25
found,발견했다|찾아냈다|알아냈다|만났다|설립하다,,미암기,2011-01-04 09:49:51
through,통하여|지나서|겪다|통과|사이로,,미암기,2011-01-04 09:49:51
opportunity,기회|찬스,,미암기,2011-01-04 09:49:51
share,공유하다|나누다|점유하다|주식|주가,,미암기,2011-01-04 09:49:51
poor,가난한|빈곤한|불쌍한|빈약한|부족한,,미암기,2011-01-04 09:49:51
deep,깊은|심|매우|많다|딥,,미암기,2011-01-04 09:49:51
riverside,강변|강기슭|리버사이드,,미암기,2011-01-04 09:49:51
valley,계곡|골짜기|유역,,미암기,2011-01-04 09:49:51
host,개최하다|주최하다|진행자|다수의|숙주,,미암기,2011-01-04 09:49:51
challenge,도전|문제|난제|이의를 제기하다|자극하다,,미암기,2011-01-04 09:49:51
along,함께|…을 따라|동안에|가지고|계속,,미암기,2011-01-04 09:49:51
needle,바늘|주사|침,,미암기,2011-01-02 17:19:28
thread,실|가는 선|옷|공통된 주제,,미암기,2011-01-02 17:19:28
permission,허가|허락|허용|승인|동의,,미암기,2011-01-02 17:19:28
impression,인상|생각|흉내,,미암기,2011-01-02 17:19:28
servant,공무원|서번트|하인|종|노예,,미암기,2011-01-02 17:19:28
secretary,장관|비서|차관|간사|사무총장,,미암기,2011-01-02 17:19:28
aide,측근|보좌관|참모|조력자|부관,,미암기,2011-01-02 17:19:28
assistant,보조|조수|비서|보좌의,,미암기,2011-01-02 17:19:28
director,관리자|감독,"1)지도자, 감독, 지휘자, 연출가
",미암기,2010-12-31 08:48:47
principal,교장|주요한|주된|원금,,미암기,2010-12-31 08:48:47
unbeliever,회의자|믿지 않는 사람|신앙 없는 사람,,미암기,2010-12-31 08:48:47
unknown,알려지지 않은|미지의|무명의|새로운|불분명한,,미암기,2010-12-31 08:48:47
unplug,마개를 뽑다|…에서 전원을 끊다|장애물을 제거하다,,미암기,2010-12-31 08:48:47
pull,당기다|끌다|철수시키다|뽑다|빼다,,미암기,2010-12-31 08:48:47
plug,플러그|꽂다|막다|마개,"1)마개
",미암기,2010-12-31 08:48:47
hopeful,희망적인|가망있는|기대하는|유망한,,미암기,2010-12-30 10:24:18
skillful,능숙한|솜씨 있는|숙련된,,미암기,2010-12-30 10:24:18
authorship,저작업|원작자임|출처,,미암기,2010-12-30 10:24:18
citizenship,시민권|국적,,미암기,2010-12-30 10:24:18
scholarship,장학금|학문,,미암기,2010-12-30 10:24:18
ownership,소유권|지분|지배권,,미암기,2010-12-30 10:24:18
censorship,검열|언론 검열제도|검열관의 직위,,미암기,2010-12-30 10:24:18
existence,존재|현존|생존|생활|실체,,미암기,2010-12-30 10:24:18
unconscious,무의식의|의식을 잃은,,미암기,2010-12-30 10:24:18
censor,검열|금지|통제|감시|삭제,,미암기,2010-12-30 10:24:18
daily,매일의|일상적인|데일리|날마다,,미암기,2010-12-30 10:24:18
journalist,기자|언론인|저널리스트,,미암기,2010-12-30 10:24:18
quotient,상|몫|할당,,미암기,2010-12-29 09:59:46
intelligence,지능|정보|지성|지적|첩보,,미암기,2010-12-29 09:59:46
hug,껴안다|포옹하다,,미암기,2010-12-29 09:59:46
physical,물리의|신체의|건강진단|육체의|물질의,,미암기,2010-12-29 09:59:46
emotional,감정적인|감정의|감정에 호소하는,,미암기,2010-12-29 09:59:46
remote,원격의|먼|외딴|리모컨|희박한,,미암기,2010-12-29 09:59:46
community,사회|공동체|커뮤니티|군집|단체,,미암기,2010-12-29 09:59:46
avatar,아바타|분신|화신,,미암기,2010-12-29 09:59:46
shepherd,양치기|셰퍼드|목자,,미암기,2010-12-29 09:59:46
climax,절정|최고점|클라이맥스|극상,,미암기,2010-12-28 10:12:41
delay,지연시키다|연기하다|지체시키다|늦추다|미루다,,미암기,2010-12-28 10:12:41
complain,불평하다|호소하다|고발하다|투덜거리다,,미암기,2010-12-28 10:12:41
cart,카트|수레|마차,,미암기,2010-12-28 10:12:41
damage,손상|피해|손해|배상금|해치다,,미암기,2010-12-28 10:12:41
pair,짝지어주다|한 쌍|2인조|한 벌,,미암기,2010-12-28 10:12:41
hold,열다|보유하다|잡다|기다리다,,미암기,2010-12-28 10:12:41
leadership,리더십|지도력|대표|선도|권력,,미암기,2010-12-28 10:12:41
explosion,폭발|급증|혁신,,미암기,2010-12-26 14:01:14
nuclear,핵의|원자력|원전,,미암기,2010-12-26 14:01:14
submarine,잠수함,,미암기,2010-12-26 14:01:14
novelty,새로움|신기함,,미암기,2010-12-26 14:01:14
safety,안전|안정성|보호|보안,,미암기,2010-12-26 14:01:14
honesty,정직|솔직|양심|청렴결백,,미암기,2010-12-26 14:01:14
uncertainty,반신반의|불확실|확신이 없음,,미암기,2010-12-26 14:01:14
overcook,…을 지나치게 삶다,,미암기,2010-12-26 14:01:14
ambulance,구급차|앰뷸런스,,미암기,2010-12-26 14:01:14
pass,통과하다|지나가다|사망하다|패스|통하다,,미암기,2010-12-26 14:01:14
pepper,고추|후추|페퍼|피망|퍼붓다,,미암기,2010-12-26 14:01:14
bake,굽다,"1)굽다
",미암기,2010-12-26 14:01:14
fried,튀긴|프라이|취한,"1)튀기다
",미암기,2010-12-26 14:01:14
misgiving,불안|의혹,,미암기,2010-12-26 14:01:14
worry,걱정하다|우려하다|염려|불안|고민하다,"1)걱정하다, 난처하게 하다, 걱정, 고생
",미암기,2010-12-26 14:01:14
concern,우려|관한|걱정|문제|관심사,,미암기,2010-12-26 14:01:14
anxiety,불안|걱정|염려|근심|긴장,,미암기,2010-12-26 14:01:14
turnip,순무|무|유행에 뒤떨어진 대형 회중 시계,,미암기,2010-12-25 10:46:25
green pepper,피망|양고추,"1)피망
",미암기,2010-12-25 10:46:25
cucumber,오이|덩굴 식물 및 그 열매,"1)오이
",미암기,2010-12-25 10:46:25
spinach,시금치|그 잎|돈,"1)시금치
",미암기,2010-12-25 10:46:25
lettuce,상추|쌈채소|레터스,"1)상추
",미암기,2010-12-25 10:46:25
eggplant,가지,"1)가지
",미암기,2010-12-25 10:46:25
onion,양파,"1)양파
",미암기,2010-12-25 10:46:25
mushroom,버섯|우후죽순격의,"1)버섯
",미암기,2010-12-25 10:46:25
production,생산|제작|제품|프로덕션,,미암기,2010-12-25 10:46:25
cabbage,양배추,"1)양배추
",미암기,2010-12-25 10:46:25
bang,굉음|두드리다|헛수고하다|훌륭히|충격,"1)단발의 앞머리, 탕 치다.
",미암기,2010-12-25 10:46:25
crash,충돌하다|추락하다|고장나다|붕괴하다|폭락,"1)추락
",미암기,2010-12-25 10:46:25
shatter,산산이 부서지다|파괴|분쇄하다|풍비박산,,미암기,2010-12-25 10:46:25
smash,부서지다|충돌하다|깨다|큰 성공|박살내다,,미암기,2010-12-25 10:46:25
hit,치다|히트를 치다|타격|달하다|부딪히다,,미암기,2010-12-25 10:46:25
typhoon,태풍|폭풍|제2차 세계 대전 당시 영국 폭격기 이름,,미암기,2010-12-25 10:46:25
batter,타자|공격하다|반죽,,미암기,2010-12-25 10:46:25
pan,팬|프라이팬|냄비,,미암기,2010-12-25 10:46:25
away,떨어져|멀리|당장|떠나|사라져,,미암기,2010-12-23 09:09:14
undergo,받다|겪다|진행하다|…을 견디다,,미암기,2010-12-23 09:09:14
soulful,감정이 깃들어 있는|감동적인|정열적인,,미암기,2010-12-23 09:09:14
flow,유동|흐름|몰입|유입|플로우,,미암기,2010-12-23 09:09:14
current,현재의|전류|현행의|지금의|해류,,미암기,2010-12-23 09:09:14
trio,삼중창|삼중창단|트리오,,미암기,2010-12-23 09:09:14
leather,가죽|피혁,,미암기,2010-12-23 09:09:14
wear,입다|착용하다|닳다|쓰다|옷,,미암기,2010-12-23 09:09:14
create,만들다|만들어 내다|창조하다|제작하다|생산하다,,미암기,2010-12-23 09:09:14
envy,부러워하다|질투하다|선망,,미암기,2010-12-23 09:09:14
green,녹색의|환경 친화적인|푸른|잔디|야채의,,미암기,2010-12-23 09:09:14
build,건축하다|만들다|짓다|기르다|개발하다,,미암기,2010-12-23 09:09:14
gorgeous,멋진|우아한|예쁜|화려한,,미암기,2010-12-21 09:47:12
fashionable,멋있는|유행의|패션 감각이 있는,,미암기,2010-12-21 09:47:12
stylish,유행의|멋진|유행에 맞는,,미암기,2010-12-21 09:47:12
shipyard,조선소,,미암기,2010-12-21 09:47:12
backyard,뒤뜰|세력 범위,,미암기,2010-12-21 09:47:12
courtyard,마당|안뜰,,미암기,2010-12-21 09:47:12
across,… 전역에서|가로질러서|걸쳐서|건너다|지름으로,,미암기,2010-12-21 09:46:18
greenfly,자주진딧물|열광적인 야구팬|진딧물,,미암기,2010-12-21 09:46:18
mayfly,하루살이|제물낚시 바늘,,미암기,2010-12-21 09:46:18
dragonfly,잠자리,,미암기,2010-12-21 09:46:18
firefly,반딧불이|반딧불|반디|개똥벌레,,미암기,2010-12-21 09:46:18
elegant,우아한|훌륭한,,미암기,2010-12-21 09:46:18
suitable,적합한|적절한|적당한|알맞은,,미암기,2010-12-21 09:46:18
wonderful,멋진|놀라운|훌륭한|좋은|아름다운,,미암기,2010-12-21 09:46:18
responsible,책임이 있는|담당의|원인이 되는|역할을 하다|요인,,미암기,2010-12-21 09:46:18
above,위에|이상인|하늘에|상기(上記)한,,미암기,2010-12-21 09:46:18
clip,동영상|클립|속도|집게|탄창,,미암기,2010-12-21 09:46:18
persuasion,설득|신앙,,미암기,2010-12-21 09:46:18
advertiser,광고자|광고인|광고주,,미암기,2010-12-21 09:46:18
refugee,난민|이탈자|망명자,,미암기,2010-12-21 09:46:18
immigration,이민|출입국 관리|이주,,미암기,2010-12-21 09:46:18
particular,특정한|특별한|특수한|특이한|특히 이,,미암기,2010-12-21 09:46:18
respectively,각각|각자|각기,,미암기,2010-12-19 20:25:41
widely,널리|가장|광범위하게|대부분,,미암기,2010-12-19 20:25:41
lately,최근에|요즘|근래|요새,,미암기,2010-12-19 20:25:41
agreeable,동의할 만한|쾌적한|상냥한|마음에 드는,,미암기,2010-12-19 20:25:41
probable,가능성|그럴듯한|확실한,,미암기,2010-12-19 20:25:41
truly,진정|정말|사실대로|진심으로|참으로,,미암기,2010-12-19 20:25:41
simply,단순히|그저|간단히|아주|전혀,,미암기,2010-12-19 20:25:41
closely,긴밀히|면밀하게|더|가까이|유심히,,미암기,2010-12-19 20:25:41
unlock,열다|밝히다|잠기지 않은,,미암기,2010-12-19 20:25:41
uncoil,풀다|풀리다|똬리를 풀다,,미암기,2010-12-19 20:25:41
unselfish,이타적인|무사한|이기적이 아닌,,미암기,2010-12-19 20:25:41
unjust,부당한,,미암기,2010-12-19 20:25:41
uncool,싫은|성가신|거친,,미암기,2010-12-19 20:25:41
uncomfortable,불편한|민감한|불쾌감을 주는,,미암기,2010-12-19 20:25:41
untouchable,불가촉 천민|손대어서는 안 되는|당할 수 없는,,미암기,2010-12-19 20:25:41
unusual,특이한|드문|특별한|이상한|독특한,,미암기,2010-12-19 20:25:41
unnatural,부자연스러운|비정상적인|극도로 잔혹한,,미암기,2010-12-19 20:25:41
unable,…할 수 없는|…하지 못하는|불가능한|무능한,,미암기,2010-12-19 20:25:41
unsatisfactory,불만족스러운|불충분한,,미암기,2010-12-19 20:25:41
contentment,만족|흡족해함,,미암기,2010-12-19 20:25:41
pleasure,즐거움|기쁨|쾌락|기쁘다|반갑다,,미암기,2010-12-19 20:25:41
satisfying,만족시키는|충분한|납득이 가는,,미암기,2010-12-19 20:25:41
wooden,목제의|나무의|나무로 만든,,미암기,2010-12-16 13:15:44
early,초기|초|일찍|이른|어린,,미암기,2010-12-16 13:15:44
spacious,넓은|널찍한|공간이 넓은,"1)넓은, 거대한, 견해[시야]가 넓은
",미암기,2010-12-16 13:15:44
veranda,a porch along the outside of a building,"1)베란다, 툇마루
",미암기,2010-12-16 13:15:44
footwork,풋워크|발놀림|교묘한 처리,,미암기,2010-12-16 13:15:44
southeast,동남|남동|남동부,,미암기,2010-12-16 13:15:44
flowerpot,화분,,미암기,2010-12-16 13:15:44
playground,놀이터|운동장,,미암기,2010-12-16 13:15:44
homeroom,홈룸|홈룸 시간,,미암기,2010-12-16 13:15:44
grandparent,조부모,,미암기,2010-12-16 13:15:44
trip,여행|방문하다|출장|이동|활동,"1)[짧은] 여행, 헛디딤, 과실
",미암기,2010-12-16 13:15:44
country,나라|국가|지역|조국|분야,,미암기,2010-12-16 13:15:44
backpack,배낭|등짐|배낭을 지고 걷다,,미암기,2010-12-16 13:15:44
server,서버|종업원|직원|근무자|봉사자,,미암기,2010-12-15 10:55:52
clerk,직원|사무원|점원|서기|판매원,,미암기,2010-12-15 10:55:52
professor,교수|박사|선생,,미암기,2010-12-15 10:55:52
committee,위원회,,미암기,2010-12-15 10:55:52
chairperson,사회자|회장|의장,,미암기,2010-12-15 10:55:52
cram,밀어 넣다,,미암기,2010-12-15 10:55:52
institute,연구소|전문교육기관|대학교|협회|시행하다,,미암기,2010-12-15 10:55:52
nation,국가|나라|국민|민족,,미암기,2010-12-15 10:55:52
among,…중에|상호간에|대한|…사이에|가운데,,미암기,2010-12-15 10:55:52
academy,학술원|아카데미|학교|학원|교육기관,,미암기,2010-12-15 10:55:52
cereal,시리얼|곡물,,미암기,2010-12-14 09:03:35
turkey,터키|칠면조,,미암기,2010-12-14 09:03:35
expect,예상하다|기대하다|생각하다|바라다|요구하다,,미암기,2010-12-14 09:03:35
lightning,번개|벼락|전율,,미암기,2010-12-14 09:03:35
recognize,인식하다|인정하다|알다|알아보다|깨닫다,,미암기,2010-12-14 09:03:35
already,이미|벌써|충분히|이전에|지금까지,"1)[긍정문에서] 이미, [의문문에서] 벌써, [부정문에서] 설마
",미암기,2010-12-14 09:03:35
officially,공식으로|정식으로|공인|본격적으로|공무상,,미암기,2010-12-14 09:03:35
include,포함하다|포괄하다|함유하다,,미암기,2010-12-14 09:03:35
lasting,지속되는|영구적인|오랜|내구력이 있는|영원한,,미암기,2010-12-11 12:54:02
enduring,참을성있는|지속하는|인내|영속적인|변함없는,,미암기,2010-12-11 12:54:02
permanent,영구적인|정규직의|상설의|영원한|파마,,미암기,2010-12-11 12:54:02
eternal,영원한|무한한|불멸의|불변의|천추의,,미암기,2010-12-11 12:54:02
everlasting,영원한|끊임없는|끝없는,,미암기,2010-12-11 12:54:02
ageless,영원한|언제나 젊은|불로의,,미암기,2010-12-11 12:54:02
endless,끝없는|많은|무한한|장황한,,미암기,2010-12-11 12:54:02
unchanged,불변의|변하지 않은|원래대로의,,미암기,2010-12-11 12:54:02
timeless,시간을 초월한|시대를 초월한|영원한,,미암기,2010-12-11 12:54:02
cafeteria,구내 식당|카페테리아,,미암기,2010-12-11 12:54:02
shall,…해주어야겠다|…일 것이다|…할까요|…해야 하다|…시키겠다,,미암기,2010-12-11 12:54:02
coat,코트|칠하다|도금|외피|외투,,미암기,2010-12-11 12:54:02
helmet,헬멧|안전모|투구|마스크|머리 모양,,미암기,2010-12-11 12:54:02
mask,마스크|가면|감추다|안대,,미암기,2010-12-11 12:54:02
glove,장갑|글러브,,미암기,2010-12-11 12:54:02
ant,개미,,미암기,2010-12-11 12:54:02
spider,거미,,미암기,2010-12-11 12:54:02
job,직무|일|직업|일자리|수술,,미암기,2010-12-11 12:54:02
certainly,분명히|물론이지|확실히|정말로|절대적으로,,미암기,2010-12-11 12:54:02
meteorologist,a specialist who studies processes in the earth's atmosphere that cause weather conditions,"1)기상학자
",미암기,2010-12-10 14:27:09
humanist,인문주의자|인도주의자|인본주의,,미암기,2010-12-10 14:27:09
biologist,생물학자,,미암기,2010-12-10 14:27:09
psychologist,심리학자|정신과 의사,,미암기,2010-12-10 14:27:09
perfectionist,완벽주의자,,미암기,2010-12-10 14:27:09
tourist,관광객|관광의,,미암기,2010-12-10 14:27:09
artist,예술가|아티스트|미술가|화가|작가,,미암기,2010-12-10 14:27:09
participate,참여하다|참가하다|참석하다|출전하다|동참하다,,미암기,2010-12-10 14:27:09
abroad,해외에|외국에|널리,"1)국외[해외]로, 여기저기에, 잘못하여
",미암기,2010-12-10 14:27:09
dentist,치과의사,,미암기,2010-12-10 14:27:09
savor,맛|풍미|맛이 나다,,미암기,2010-12-10 14:25:25
taste,맛보다|맛|취향|미각,,미암기,2010-12-10 14:25:25
pedestrian,보행의|도보의|평범한,,미암기,2010-12-10 14:25:25
colleague,동료,,미암기,2010-12-10 14:25:25
companion,동반자|친구|동료|벗|반려,,미암기,2010-12-10 14:25:25
distinction,구별|차이|차별|영예,,미암기,2010-12-10 14:25:25
beginner,초보자|초심자,,미암기,2010-12-10 14:25:25
shipwreck,난파하다|난파|난파선,,미암기,2010-12-10 14:25:25
archipelago,다도해|군도|에게 해,,미암기,2010-12-10 14:25:25
dugong,듀공,,미암기,2010-12-10 14:25:25
seabed,해저,,미암기,2010-12-10 14:25:25
shore,해안|강화하다|육지|기슭,,미암기,2010-12-10 14:25:25
coast,해안|연안|해변,,미암기,2010-12-10 14:25:25
proud,자랑스러운|자신감이 강한|자부심이 강한|당당한|자존심이 강한,,미암기,2010-12-10 14:25:25
reef,산호초|암초,,미암기,2010-12-10 14:25:25
coral,산호,,미암기,2010-12-10 14:25:25
theory,이론|견해|가설,,미암기,2010-12-10 14:25:25
beneath,아래에|밑에|지하에|가치가 없는|…의 이면에,,미암기,2010-12-10 14:25:25
deserve,자격|만하다|마땅히|가치|싸다,,미암기,2010-12-10 14:25:25
envious,부러워하는|시기하는,,미암기,2010-12-10 14:25:25
method,방법|방식|수단,,미암기,2010-12-10 14:25:25
hidden,감춰진|숨은|비밀의|남모르게,,미암기,2010-12-10 14:25:25
describe,묘사하다|설명하다|표현하다|기술하다|그리다,,미암기,2010-12-10 14:25:25
choir,합창하다|성가대,,미암기,2010-12-10 14:25:25
choral,합창의|합창으로 부르는,,미암기,2010-12-10 14:25:25
chorus,코러스|합창|이구동성,,미암기,2010-12-10 14:25:25
benefit,이익|혜택|도움이 되다,,미암기,2010-12-10 14:21:53
limitation,a principle that limits the extent of something,"1)한정, 한계, 극한
",미암기,2010-12-10 14:21:53
advantageous,유리한|…하기 좋은|이로운,,미암기,2010-12-10 14:21:53
promotion,증진|진흥|승진|촉진|홍보,,미암기,2010-12-10 14:21:53
merit,장점|이점|가치|공로|혜택,,미암기,2010-12-10 14:21:53
scale,규모|척도|등급|비교하다|음계,,미암기,2010-12-10 14:21:53
conductor,지휘자|전도체|안내자,,미암기,2010-12-10 14:21:52
vocalist,a person who sings,"1)[특히 재즈나 팝뮤직의]성악가, 가수 
",미암기,2010-12-10 14:21:52
tune,조율하다|곡|주파수를 맞추다|연주하다|서로 맞다,,미암기,2010-12-10 14:21:52
depend,따라|의존하다|달리다|의지하다|좌우되다,,미암기,2010-12-10 09:43:48
Mentor,스승|조언자|멘토르,,미암기,2010-12-10 09:43:48
everything,모든|모든 것|모두|최선|만사,,미암기,2010-12-10 09:43:48
drink,마시다|음주|음료|먹다|한 잔,"1)마시다, 마실 것. 한잔
",미암기,2010-12-10 09:43:48
confuse,혼란스럽다|혼동하다|어리둥절하게 하다|당황하게 하다,,미암기,2010-12-10 09:43:48
delicious,맛있는|맛좋은|달콤한|즐거운|먹음직,,미암기,2010-12-10 09:43:48
prepare,준비하다|대비하다|마련하다,,미암기,2010-12-10 09:43:48
coke,콜라|코크스|코카인,,미암기,2010-12-10 09:43:48
up,위|오르다|증가하다|늘리다|일어나다,,미암기,2010-12-08 09:34:09
dictionary,사전|딕셔너리,,미암기,2010-12-08 09:34:09
kicking,a rhythmic thrusting movement of the legs as in swimming or calisthenics,"1)최고의, 뛰어난
",미암기,2010-12-08 09:34:09
beginning,시작|처음|초|기원|개시,,미암기,2010-12-08 09:34:09
building,건물|건축|빌딩,,미암기,2010-12-08 09:34:09
dating,날짜 기입|선일부|연대 결정,,미암기,2010-12-08 09:34:09
rating,등급|평가|시청률|평점,,미암기,2010-12-08 09:34:09
funding,자금 제공|지원|투자|재정|기금,,미암기,2010-12-08 09:34:09
true,사실|진정한|진짜의|정말|실현의,,미암기,2010-12-08 09:34:09
recently,최근에|얼마전|근래에|요즘에|요즈음,,미암기,2010-12-08 09:34:09
guess,…라고 생각하다|…인 것 같다|추측하다|짐작하다|맞히다,,미암기,2010-12-08 09:34:09
meaning,의미|의미 있는|뜻|중요성|즉,,미암기,2010-12-08 09:34:09
bath,목욕|목욕물|욕조|욕실,,미암기,2010-12-08 09:34:09
down,내리다|지다|내려가다|넘어져|아래로,"1)낮은 쪽으로, 아래로
",미암기,2010-12-08 09:34:09
exciting,흥미진진한|흥분시키는|신나는|재미있는|놀라운,,미암기,2010-12-08 09:34:09
ring,링|반지|울리다|고리|전화하다,,미암기,2010-12-08 09:34:09
thing,것|일|상황|물건|짓,"1)것, 일, 사물
",미암기,2010-12-08 09:34:09
ink,잉크|서명하다|먹물,,미암기,2010-12-08 09:34:09
industry,산업|업계|제조업|공업,,미암기,2010-12-03 09:37:04
broadcasting,방송,,미암기,2010-12-03 09:37:04
energetic,힘이 넘치는|활기찬|정력적인|활동적인,,미암기,2010-12-03 09:37:04
on the straight,똑바로|정직하게|일직선으로,,미암기,2010-12-03 09:37:04
passer,통행인|통과하는 사람|시험 합격자,,미암기,2010-12-03 09:37:04
international,국제적인|인터내셔널|국제의|국제간의,,미암기,2010-12-03 09:37:04
interview,인터뷰|면접|면담|회견,,미암기,2010-12-03 09:37:04
reporter,기자|리포터,,미암기,2010-12-03 09:37:04
active,능동적인|활동적인|적극적인|활발한|현역의,,미암기,2010-12-03 09:37:04
sucking,빠는|젖내나는|아직 젖이 떨어지지 않은,,미암기,2010-12-02 10:07:10
belong,속하다|…의 것이다|소유하다|어울리다,,미암기,2010-12-02 10:07:10
napkin,냅킨,,미암기,2010-12-02 10:07:10
tuck in,진수 성찬|걸어지르는 부분,"1)Ex&gt;Your shirt is hanging out. Tuck it in. 셔츠 자락이 비어져 나와 있으니 바지 속에 집어 넣으세요.

",미암기,2010-12-02 10:07:10
elbow,주관절 |팔꿈치|엘보우|팔,,미암기,2010-12-02 10:05:50
fast food,패스트푸드|즉석 식품|즉석 요리의,,미암기,2010-12-02 10:05:50
in case of,…의 경우에는|…한 때에는|…에 대비하여,"1)In case of fire, this box must be removed for safety first of all.  
화재가 나면 이 상자를 맨 먼저 들어내야 합니다
",미암기,2010-12-02 10:05:50
guide,안내하다|가이드|유도하다|지도하다|인도하다,,미암기,2010-12-02 10:05:50
waitress,웨이트리스|여종업원,,미암기,2010-12-02 10:05:50
until,…할 때까지|…까지|…이 되어 비로소,,미암기,2010-12-02 10:05:50
directly,직접적으로|곧바로|곧장|일직선으로|똑바로,,미암기,2010-12-02 10:05:50
breakfast,아침|아침식사|조식,"1)아침 식사, 조반을 먹다.
",미암기,2010-11-23 09:58:12
celebrate,기념하다|축하하다|찬양하다|맞이하다|거행하다,,미암기,2010-11-23 09:58:12
custom,세관|관습|풍습|맞춤의|문화,,미암기,2010-11-23 09:58:12
ancestor,조상|선조|시조,,미암기,2010-11-23 09:58:12
Memorial Day,전몰 장병 기념일|현충일|영령 추도일,,미암기,2010-11-23 09:58:12
in a hurry,서둘러|황급히|조급히,,미암기,2010-11-23 09:58:12
photogenic,사진이 잘 받는|영화에 알맞은|발광성의,,미암기,2010-11-23 09:55:16
in person,직접의|실제로 하는|개인적으로|실물은|본인이 직접,"1)She handles customers well on the phone, in person, and in writing. 
그녀는 전화상으로든, 직접 대면해서든, 서면으로든 고객을 정성껏 대합니다.

",미암기,2010-11-23 09:55:16
bought,샀다|구입했다|장만했다,"1)buy[사다]의 과거, 과거분사 입니다.
",미암기,2010-11-23 09:55:16
overland,육로로|육상의|육로의,,미암기,2010-11-20 12:28:56
turn off,끄다|쫓아버리다|흥미를 잃다|만들어내다|잠그다,"1)I forgot to turn off the TV 텔레비전 끄는 것을 깜빡 했어요.


",미암기,2010-11-20 12:26:25
fan,팬|좋아하는|선풍기|부채|흩어지다,,미암기,2010-11-20 12:26:25
dad,아빠,,미암기,2010-11-20 12:26:25
in public,공공|공|공개적으로|대중|국민,"1)사람들 앞에서
illegalize smoking in public places 공공 장소에서의 흡연을 법으로 금하다

",미암기,2010-11-20 12:23:53
loudly,크게|큰 소리로|요란하게|단호하게,,미암기,2010-11-20 12:23:53
such as,같은|등|이러한|예를 들면|특히,,미암기,2010-11-20 12:23:53
culture shock,문화 쇼크|문화 충격,,미암기,2010-11-20 12:23:53
face,얼굴|직면하다|표정,,미암기,2010-11-20 12:23:53
generally,일반적으로|대개|대체로|보통|전반적으로,,미암기,2010-11-19 09:00:16
special,특별한|특수한|특이한|임시의|스페셜,"1)특별한, 전문[전공]의
",미암기,2010-11-19 08:46:07
borrow,빌리다|대여하다|차용하다|빚지다,,미암기,2010-11-19 08:46:07
last,지난|마지막의|지속되다|최종의|끝,,미암기,2010-11-19 08:44:22
invade,침공|침략하다|침범|침입하다|공격,,미암기,2010-11-19 08:43:38
billion,10억|막대한 수,,미암기,2010-11-19 08:43:38
over,…이상|끝나서|위의|너무,,미암기,2010-11-19 08:43:38
population,인구|사람들|집단|모집단|개체군,,미암기,2010-11-19 08:43:38
argument,논쟁|주장|말다툼|논거|논점,,미암기,2010-11-18 10:20:01
point,점|포인트|지적하다|요점|시점,,미암기,2010-11-18 10:20:01
education,교육|훈련|교양,,미암기,2010-11-18 10:20:01
discuss,논의하다|협의|이야기하다|토론하다|대화,,미암기,2010-11-18 10:20:01
originally,원래|처음에는|처음부터|본래,,미암기,2010-11-18 10:17:17
ancestry,조상|문벌|기원,,미암기,2010-11-18 10:17:17
talk about,이야기하다|말하다|말씀|논의하다|대화하다,,미암기,2010-11-18 10:14:42
smoker,담배를 피우는 사람|훈제업자|끽연가,,미암기,2010-11-18 10:14:42
punish,처벌하다|벌을 주다|응징하다|체벌하다|혼내다,,미암기,2010-11-18 10:14:42
firmly,강하게|확고하게|꽉|자신 있게,,미암기,2010-11-18 10:14:42
smoking,흡연|담배를 피우는|연기 나는,,미암기,2010-11-18 10:14:42
proposal,제안|안|계획|제의|청혼,,미암기,2010-11-18 10:14:42
upset,기분 나쁜|화난|당황|혼란|역전,,미암기,2010-11-15 09:49:04
bother,괴롭히다|성가시게 하다|신경쓰이다|귀찮게 하다|걱정하다,,미암기,2010-11-15 09:49:04
vacancy,빈자리|빈방|결원,"1)공허, 빈터, 결원, 틈, 방심. &lt;고어&gt; 한가, 여가
",미암기,2010-11-15 09:49:04
anyway,어쨌든|아무튼|어차피|그래서|결국,,미암기,2010-11-15 09:49:04
sure,확신하고|확실히|물론|분명히|반드시,"1)확신하는, 틀림없이, [대답에서] 좋고 말고, 물론
",미암기,2010-11-15 09:49:04
capable,가능성있는|능력있는|가능한|할 수 있는|유능한,,미암기,2010-11-15 09:46:31
increase,증가하다|늘리다|인상되다|확대하다|상승하다,,미암기,2010-11-15 09:46:31
graduate,졸업하다|대학원생의|대졸자|학사,,미암기,2010-11-15 09:46:31
college,대학|연구소|칼리지,,미암기,2010-11-15 09:46:31
salary,월급|연봉|급여|임금|보수,,미암기,2010-11-15 09:46:31
tempt,유혹하다|하고 싶은|끌다|꾀다,,미암기,2010-11-15 09:46:31
data,데이터|자료|정보,,미암기,2010-11-15 09:44:30
presentation,프레젠테이션|발표|설명|제출,,미암기,2010-11-15 09:42:37
botch,…을 망쳐 놓다|종기|엉성한 일,,미암기,2010-11-15 09:42:37
end up,...게 되다|결국 ... 되다|끝나다|...고 말았다,"1)끝나다, &lt;구어&gt; 마침내는 ~으로 되다.
Of course, I wanted to teach music someday, but I always thought that I would end up in a band. 물론 저도 언젠가는 음악을 가르치고 싶었어요. 하지만 늘 악단에 종사하게 되는 것으로 생각이 끝나네요.
",미암기,2010-11-15 09:42:37
frankly,솔직히|사실,,미암기,2010-11-15 09:39:35
answer,답하다|대답|해답|전화를 받다|응답하다,,미암기,2010-11-15 09:39:35
show,보여주다|쇼|나타나다|보이고 있다|전시회,"1)보이다, 안내하다, 보이기, 구경거리
",미암기,2010-11-15 09:39:35
deal,다루다|거래|대처하다|주다|계약,,미암기,2010-11-15 09:39:35
tough,힘든|어려운|강한|터프한|거친,,미암기,2010-11-15 09:39:35
disagreement,이견|불일치|불화|논쟁,,미암기,2010-11-15 09:39:35
negotiation,협상|교섭|협의|거래,,미암기,2010-11-15 09:39:35
at least,최소한|적어도|적게는|보수적으로|어쨌든,"1)[보통 수사 앞에 써서] 적어도, 하다 못해
Ex&gt;I don't know why, but my car seems to break down at least on-ce a month. 
어찌된 일인지 차가 한 달에 적어도 한 번씩은 고장이 나요.
",미암기,2010-11-11 10:35:21
experience,경험|체험|겪다|느끼다|경력,,미암기,2010-11-11 10:34:13
hire,고용하다|채용하다|뽑다|사람을 쓰다|빌리다,,미암기,2010-11-11 10:34:13
fire,화재|불|발사하다|소방의|해고하다,,미암기,2010-11-08 10:35:44
never,결코|절대|전혀|설마,,미암기,2010-11-08 10:35:44
sluggish,느린|부진한|게으른,,미암기,2010-11-08 10:35:44
economy,경제|경기|이코노미,,미암기,2010-11-08 10:33:30
downsize,축소하다|소형화하다|줄이다,,미암기,2010-11-08 10:33:30
lighting,조명|점화|점등,,미암기,2010-11-08 10:33:30
completely,완전히|완벽하게|모두|전적으로|철저히,,미암기,2010-11-08 10:33:30
mood,기분|분위기|무드|감정|마음,,미암기,2010-11-08 10:33:30
capture,잡다|포착|체포|캡처|담다,,미암기,2010-11-08 10:33:30
hobby,취미,,미암기,2010-11-08 10:33:30
photography,사진,,미암기,2010-11-08 10:33:30
drawing,그림|도면|끌기|선|스케치,,미암기,2010-11-08 10:31:45
clay,점토|진흙|클레이,,미암기,2010-11-08 10:31:45
musician,음악가|뮤지션|가수,,미암기,2010-11-08 10:31:45
excellent,훌륭한|좋다|뛰어난|우수한|수의,,미암기,2010-11-08 10:31:45
amazing,놀라운|멋진|대단한|흥미로운,,미암기,2010-11-08 10:31:45
nod off,꾸벅꾸벅 졸다|앉은 채 졸다|잠들다,"1)Studies cited in Moore Ede's book found that a startling 33 percent of all drivers have nodded off behind the wheel at on-e time or another. 
무어 에데의 책에 인용된 연구들에 따르면 놀랍게도 모든 운전자의 33퍼센트가 운전대를 잡고 졸은 적이 있다는 것입니다.

",미암기,2010-11-08 10:29:09
exam,시험|조사,,미암기,2010-11-07 14:16:39
joke,농담|장난|놀리다|재담,,미암기,2010-11-07 14:16:39
cheat,속이다|부정 행위|바람 피우다|속임수|사기꾼,,미암기,2010-11-07 14:16:39
work on,작업하다|수리하다|…에 작용하다,"1)Double-click the picture that is on the page you want to work on. 
작업할 페이지에 있는 그림을 두 번 누르십시오.

",미암기,2010-11-07 14:16:39
awful,끔찍한|엄청난|지독한|심한|무서운,,미암기,2010-11-07 14:16:39
juvenile,청소년의|아이다운|유치한,,미암기,2010-11-07 14:15:11
oops,이런|아차|아이코,,미암기,2010-11-07 14:15:11
elevator,엘리베이터,,미암기,2010-11-07 14:15:11
no way,절대로 안 돼|천만의 말씀|싫어,,미암기,2010-11-07 14:15:11
club,클럽|동아리|팀|골프채|구단,,미암기,2010-11-07 14:15:11
breathtaking,아슬아슬한|깜짝 놀랄 만한|숨이 멎을만큼 놀라운,,미암기,2010-11-07 14:12:46
much less,훨씬 더 적은|더군다나 …아니다,"1)Animals with nervous systems similar to a worm's cannot play soccer, much less chess. 
벌레와 비슷한 신경계를 가진 동물들은 축구를 할 수 없고, 더군다나 체스는 말할 것도 없어요.
",미암기,2010-11-07 14:12:46
watermelon,수박|그 과일,,미암기,2010-11-07 14:12:46
get to,되다|가다|도착하다|시작하다|싶다,"1)~에 도착하다, [일]에 착수하다.
Ex&gt;Excuse me, which station should I get off at to get to the Metropolitan Museum??
실례지만 메트로폴리탄 박물관에 가려면 어느 역에 서 내려야 하나요?
",미암기,2010-11-07 14:12:46
make it,만들다|성공하다|해내다|도착하다|극복하다,,미암기,2010-11-05 09:19:24
look at,보다|살펴보다|쳐다보다|조사하다|관찰하다,"1)He looked at me incredulously. 그는 믿을 수 없다는 듯이 나를 바라보았습니다.

",미암기,2010-11-05 09:16:45
guy,사람|남자|너희들|친구|녀석,,미암기,2010-11-05 09:16:45
ugly,추한|불쾌한,,미암기,2010-11-05 09:16:45
old,나이든|오래된|노인|늙은|낡은,,미암기,2010-11-05 09:16:45
necktie,넥타이,,미암기,2010-11-05 09:16:45
glad,기쁜|좋은|다행인|고마운|반가운,"1)기쁜, 즐거운, 밝은
",미암기,2010-11-05 09:16:45
bridesmaid,신부 들러리|후원자|조연,,미암기,2010-11-04 14:08:46
invitation,초대|초청|참석|제의|신청,,미암기,2010-11-04 14:08:46
send out,배포하다|내다|가져 오도록 주문하다,"1)Did you send out that package I gave you earlier? It's quite urgent.
제가 전에 준 소포 보냈어요? 급한 건데.
",미암기,2010-11-04 14:08:46
dead,죽은|시신|사망|다 되다|돌아가신,,미암기,2010-11-04 14:08:46
funeral,장례의|상례|국민장|장의|영결식,,미암기,2010-11-04 14:08:46
snowy,눈 오는|순백의|눈 덮인,,미암기,2010-11-04 14:05:51
dress up,정장을 해야 하는|정장|복장을 제대로 갖추어야 하는,,미암기,2010-11-04 14:05:51
fat,지방|비만한|뚱뚱한|기름|살찐,,미암기,2010-11-03 11:20:32
serious,심각한|진지한|정말|중대한|위험한,,미암기,2010-11-03 11:20:32
painkiller,진통제,,미암기,2010-11-03 11:20:32
sell,팔다|판매하다|매각하다|매도하다|매출,,미암기,2010-11-03 11:20:32
side effect,부작용|후유증,,미암기,2010-11-03 11:18:46
medicine,의학|약|의사직|의술,,미암기,2010-11-03 11:18:46
recommend,권고하다|추천하다|건의하다|제시하다,,미암기,2010-11-03 11:18:46
aspirin,아스피린|그 정제|진통제,,미암기,2010-11-03 11:18:46
digestion,소화|소화력|숙고,,미암기,2010-11-01 17:56:23
physician,의사,,미암기,2010-11-01 17:56:23
exactly,정확히|바로|그렇소|확실히|딱,,미암기,2010-11-01 17:56:23
quite,꽤|상당히|상당수의|아주|완전히,"1)완전히, 아주
",미암기,2010-11-01 17:56:23
begin,시작하다|발생하다|착수하다|출발하다,,미암기,2010-11-01 17:56:23
abdomen,복부|배,,미암기,2010-11-01 17:56:23
supper,저녁 식사|만찬|야식,,미암기,2010-10-28 09:28:16
cab,택시,,미암기,2010-10-28 09:26:59
one day,어느 날|하루|언젠가는|당일|한때는,,미암기,2010-10-28 09:26:59
hear,듣다|소식을 듣다|경청하다,,미암기,2010-10-28 09:26:59
smile,미소|미소 짓다|웃다|웃음|스마일,,미암기,2010-10-28 09:26:59
totally,완전히|정말|전혀|전부|전적으로,,미암기,2010-10-27 09:19:12
goods,상품|물품|물건|재화|물자,,미암기,2010-10-27 09:18:43
get out of,나가다|나오다|벗어나다|꺼내다|가다,"1)Ex&gt;The fire captain directed the people to get out of the building. 소방대장은 사람들에게 건물 밖으로 나가라고 지시했습니다.
",미암기,2010-10-27 09:16:15
since,…이후|…때부터|…이래|그 후,,미암기,2010-10-27 09:15:20
bye,안녕|잘가요|인사|부전승|작별,,미암기,2010-10-23 05:14:23
either,또한|어느 쪽|역시|양쪽의|어느 한쪽,"1)[긍정문에서] 둘 중 어느 한쪽의, [부정문에서] 둘 중 어느 쪽
",미암기,2010-10-23 05:14:23
arrive,도착하다|오다|가다|도달하다|도래하다,"1)도착하다, 도달하다.
",미암기,2010-10-23 05:13:42
flight,비행기|비행|항공편|여행|도피,"1)비행, [비행기의] 조종법
",미암기,2010-10-23 05:13:42
board,위원회|…판|이사회|보드|탑승하다,"1)탑승하다, 승차하다, 판자
",미암기,2010-10-23 05:13:42
passport,여권,"1)여권, 입장권, 수단, 보장
",미암기,2010-10-23 05:13:42
police,경찰|치안|공안|폴리스|순경,"1)[보통 the police] 경찰, [집합적] 경찰관, 경관
",미암기,2010-10-23 05:13:42
bus stop,버스 정류장,"1)버스 정류장
",미암기,2010-10-23 05:13:42
around,주변에|주위에|돌아다니는|근처에,"1)주위에, 여기저기에, 약, 대략
",미암기,2010-10-23 05:13:42
police station,경찰서|경찰 본서,"1)경찰서
",미암기,2010-10-23 05:13:42
bus,버스|시내버스,"1)버스, &lt;구어&gt; 여객기
",미암기,2010-10-23 05:13:42
bad,나쁜|좋지 않은|잘못된|심한|해로운,"1)나쁜, 불충분한, 건강 상태가 좋지 않은
",미암기,2010-10-23 05:13:42
traffic,교통|트래픽|차|통행|거래,"1)[사람·차·배·비행기 등의] 교통, [외국 등과의] 교역
",미암기,2010-10-23 05:13:42
or so,…쯤|…정도|…가량,"1)~쯤, ~정도
",미암기,2010-10-23 05:13:42
in,…안에|…으로|…에,"1)~안[속]에서, ~에[서]
",미암기,2010-10-23 05:13:42
take,(시간)이 걸리다|가지다|받다|찍다|데려가다,"1)잡다, 얻다, 데려다 주다.
",미암기,2010-10-23 05:13:42
over there,저쪽에|저쪽으로|유럽으로,"1)저쪽에, 저기에, 저 너머에
",미암기,2010-10-23 05:13:42
follow,따르다|뒤를 잇다|지켜보다|따라가다|추종하다,"1)[순서로서] ~의 뒤를 잇다, 따라가다.
",미암기,2010-10-23 05:13:42
seat,앉다|자리잡다|자리|좌석|의석,"1)[극장·열차 등의] 좌석, 자리
",미암기,2010-10-23 05:13:42
welcome,환영하다|맞이하다|환대하다,"1)어서 오십시오!, 환영, 환영하다, 환영 받는.
",미암기,2010-10-23 05:13:42
all right,좋아|알았어|괜찮아|자|무사한,"1)&lt;구어&gt; 좋아, 알았어, 더할 나위 없는, 건강한
",미암기,2010-10-23 05:13:42
month,달|개월|월,"1)달, 1개월
",미암기,2010-10-23 05:13:42
America,미국|아메리카,,미암기,2010-10-23 05:13:42
station,정거장|방송국|역|기지|주둔하다,"1)위치, [철도의] 정거장, 역, 본부
",미암기,2010-10-23 05:13:42
avenue,…가|길|방법,"1)큰 가로, 대로
",미암기,2010-10-23 05:13:42
get on,타다|무릎 꿇다|말하다|오르다|일어나다,"1)[버스 등에] 타다, 승차하다, 진척되다, [시간·나이·수 등이] ~에 가까워지다, ~와 의좋게 지내다, ~에 오르다.
Ex&gt;They are getting on a truck. 
그들은 트럭에 올라타고 있어요.
",미암기,2010-10-23 05:13:42
heavy,중(重)…|무거운|강력한|과중한|심한,"1)무거운, 대량의, 힘겨운
",미암기,2010-10-23 05:13:08
in front of,앞에|앞길에|눈앞에서|앞쪽,"1)~의 앞에, ~의 정면에
",미암기,2010-10-23 05:13:08
left,being or located on or directed toward the side of the body to the west when facing north,"1)왼쪽의, [정치적으로] 급진적인, 좌측의, 왼쪽
",미암기,2010-10-23 05:13:08
straight,연속한|직선|바로|똑바로|곧장,"1)똑바로, 곧장 나아가는, 직진하는
",미암기,2010-10-23 05:13:08
and then,그리고|나서|다음|후에|그러고는,"1)그리고 나서
",미암기,2010-10-23 05:13:08
block,블록|차단|막다|구역|봉쇄,"1)구획, 덩어리, 막다.
",미암기,2010-10-23 05:13:08
corner,구석|모퉁이|코너|궁지,"1)모퉁이, 구석
",미암기,2010-10-23 05:13:08
turn,되다|돌리다|바꾸다|전환하다|켜다,"1)돌리다, [페이지를] 넘기다, ~의 방향을 바꾸다.
",미암기,2010-10-23 05:13:08
walk on,단역|단역 배우|단역의,"1)계속해서 걷다, [연극에서] 단역을 맡다
Ex&gt;He walked on the pebbles with naked feet. 
그는 맨발로 자갈길을 걸었어요.
",미암기,2010-10-23 05:13:08
library,도서관|서재|장서,"1)도서관, 서재
",미암기,2010-10-23 05:13:08
turn on,켜지다|작동|등돌리다|흥분시키다|틀다,"1)[가스·수도 등을] 틀다, [전등·라디오 등을] 켜다.
Ex&gt;Turn on the television. 
텔레비전을 켜세요.
",미암기,2010-10-23 05:13:08
idea,생각|아이디어|방법|개념|사상,"1)생각, 사고, 의견
",미암기,2010-10-23 05:13:08
interesting,흥미로운|재미있는|놀라운,"1)흥미있는, 재미있는
",미암기,2010-10-23 05:13:08
bored,지루한|싫증난,"1)지루한, 따분한
",미암기,2010-10-23 05:13:08
sun,태양|해|햇볕,"1)태양, 햇빛
",미암기,2010-10-23 05:13:08
boyfriend,남자 친구|애인|보이프렌드,"1)남자 친구, [남자] 애인
",미암기,2010-10-23 05:13:08
as usual,언제나 처럼|여느 때처럼,"1)평소와 같이, 여느 때처럼
",미암기,2010-10-23 05:13:08
spring break,봄방학,"1)[학교의] 봄 방학
",미암기,2010-10-23 05:13:08
plan,계획하다|예정|구상|플랜|의도,"1)계획, 도면, 계획하다.
",미암기,2010-10-23 05:13:08
someday,언젠가|훗날|머지않아,"1)언젠가, 훗날, 머지않아
",미암기,2010-10-23 05:13:08
however,그러나|하지만|그런데|그렇지만,"1)그렇지만, 아무리 ~해도 = no matter how
",미암기,2010-10-23 05:13:08
china,중국|중화 인민 공화국|도자기,,미암기,2010-10-23 05:13:08
japan,일본,,미암기,2010-10-23 05:13:08
travel,여행|이동|교통|운행|달리다,"1)[먼 곳 또는 외국에] 여행하다, 이동하다, 외판하다.
",미암기,2010-10-23 05:13:08
traditional,전통적인|구식의|고풍의,"1)전통의, 고풍의
",미암기,2010-10-23 05:13:08
souvenir,기념품|선물|추억,"1)기념품, 토산품, 선물
",미암기,2010-10-23 05:13:08
absolutely,절대적으로|완전히|전혀|물론|정말로,"1)절대적으로, &lt;구어&gt; 정말 그래.
",미암기,2010-10-23 05:13:08
again,다시|또|다시 한 번,"1)다시, 또 한편
",미암기,2010-10-23 05:13:08
fantastic,멋진|환상적인|이유없는|상상의|이상한,"1)환상적인, 엄청난, 별난
",미암기,2010-10-23 05:13:08
past,과거형|과거의|지난|최근인|옛날의,"1)지나간, 과거의
",미암기,2010-10-23 05:13:08
half,절반|전반전|부분적인|1/2|30분,"1)절반, 2분의 1, 30분
",미암기,2010-10-23 05:13:08
start,시작하다|처음|출발하다|출발점|설립하다,"1)출발하다, 시작하다, 출현하다.
",미암기,2010-10-23 05:13:08
ticket,승차권|티켓|표|입장권|딱지,"1)표, 입장권, 정찰
",미암기,2010-10-23 05:13:08
two,둘,"1)2라는 기호, 한 쌍, 2개
",미암기,2010-10-23 05:13:08
favorite,좋아하는|마음에 드는|인기 있는|우승 후보,"1)매우 좋아하는, 좋아하는 사람[물건]
",미암기,2010-10-23 05:13:08
horror,공포|무서움|참상|호러,"1)공포, 소름 끼칠 듯이 싫은 것
",미암기,2010-10-23 05:13:08
see,보다|알다|만나다|발견하다|이해하다,"1)보다, 구경[관광]하다, 이해하다.
",미암기,2010-10-23 05:13:08
kind,종류|…가지|친절한|부드러운|착한,"1)종류, 본질, 친절한
",미암기,2010-10-23 05:13:08
play,게임하다|역할을 하다|연주하다|경기|(배역을) 맡다,"1)놀다, 경기하다, 상영하다, 처신하다.
",미암기,2010-10-23 05:13:08
bring,일으키다|가지고 다니다|가져다 주다|데려오다|생기다,"1)가져오다, 초래하다, 불러일으키다.
",미암기,2010-10-23 05:13:08
great,위대한|큰|훌륭한|좋은|많은,"1)[크기, 범위 등이] 큰, [수, 양 등이] 많은, 중요한, 훌륭한
",미암기,2010-10-23 05:13:08
nearly,거의|가까이,"1)거의, 밀접하게
",미암기,2010-10-23 05:13:08
touching,…에 관하여|감동적인|남의 마음을 움직이는,"1)감동시키는, 접촉한
",미암기,2010-10-23 05:13:08
movie theater,영화관,"1)영화관
",미암기,2010-10-23 05:13:08
afternoon,오후|점심,"1)오후
",미암기,2010-10-23 05:13:08
her,그녀의|여자|그녀가|그녀를|그녀에게,"1)그 여자를[에게], 그 여자의
",미암기,2010-10-23 05:13:08
study,연구|조사|공부|검토하다|관찰하다,"1)공부, 연구, 세심한
",미암기,2010-10-23 05:13:08
age,나이|시대|노인들|오래되다|오랫동안,"1)나이, 세대, 시대
",미암기,2010-10-23 05:13:08
Greece,그리스,,미암기,2010-10-23 05:13:08
beautiful,아름다운|멋있는|훌륭한|예쁜|화창한,"1)아름다운, 훌륭한, 미, 아름다움
",미암기,2010-10-23 05:13:08
at,…에|…으로|…에서,"1)[한 지점을 나타내어] ~에
",미암기,2010-10-23 05:13:08
lively,생생하게|활발하게|활기차게|밝은,"1)생기[활기]에 넘친, 기운차게
",미암기,2010-10-23 05:13:08
party,정당|당사자|파티|관계자|단체,"1)[사교상의] 모임, 정당, 일행, 당파의, &lt;속어&gt; 연회를 열어 대접하다.
",미암기,2010-10-23 05:13:08
cigarette,담배|궐련,"1)[종이로 만] 담배
",미암기,2010-10-23 05:13:08
smoke,흡연|담배를 피우다|연기|화재|훈제하다,"1)연기, 허무, [담배의] 한 대
",미암기,2010-10-23 05:13:08
take care,돌보다|살펴보다|보호|처리하다|관리,,미암기,2010-10-23 05:13:08
number,수|다수|번호|…을 세다,"1)[전화·집 등의] 번호, 수, 다수, 동료
",미암기,2010-10-23 05:13:08
know,알다|알려져 |인식하다,"1)알다, ~와 친하다, 경험하다, 구별할 수 있다.
",미암기,2010-10-23 05:13:08
good,좋은|잘|훌륭한|착한|괜찮은,"1)[품질·수량·정도 등의 점에서] 좋은, [비·구름이 없는] 맑은
",미암기,2010-10-23 05:11:38
that,저것|것|그|다른,"1)[대화자끼리 이미 알고 있거나 떨어져 있는 것과 사람을 가리켜] 그, 저, 그것, 저것
",미암기,2010-10-23 05:11:38
today,오늘날|오늘|현재|지금|요즘,"1)오늘, 현재, 오늘날[에는]
",미암기,2010-10-23 05:11:38
good morning,안녕하십니까|좋은 아침입니다,,미암기,2010-10-23 05:11:38
frugal,검소한|절약하는|간소한,"1)검소한, 소박한
",미암기,2010-10-23 05:11:38
tree,나무|트리|수목|관계|가계도,"1)나무, [비유, 구어] 궁지에 몰아넣다.
",미암기,2010-10-23 05:11:38
new,새로운|새|신...|최근의|뉴,"1)새로운, 최근
",미암기,2010-10-23 05:11:38
tax,세|세금|과세하다,"1)세금, 부담, ~에 과세하다.
",미암기,2010-10-23 05:11:38
plus,게다가|플러스|또한|이상의|더욱이,"1)~을 더하여, 더하기의, 양[극]의, 플러스 부호
",미암기,2010-10-23 05:11:38
of course,물론|당연히|응|그렇지|사실,"1)물론, 당연히 &lt;구어&gt; ’course, [지적당하거나 생각이 나서] 그렇구나, 아 참
Ex&gt;Yes, of course, but maybe John and some of his engineering staff should hear what you have to say. 
그러죠. 근데 존이랑 기술부 직원들도 당신 이야기를 같이 듣는 게 좋을 것 같아요.
",미암기,2010-10-23 05:11:38
included,포함된|수록|들어간|둘러싸인|…을 포함한,"1)include[포함하다]의 과거, 과거분사 입니다.
",미암기,2010-10-23 05:11:38
one,한번|하나|어느|한 개|유일한,"1)[이미 나온 가산 명사의 반복을 피하여] 하나, 한 개의, [때를 나타내는 명사 앞에서] 어떤, 어느
",미암기,2010-10-23 05:11:38
minute,분|잠깐|적은 양의|의사록,"1)분, 순간
",미암기,2010-10-23 05:11:38
wait,기다리다|지켜 보다|대기하다|기대하다,"1)기다리다, 시중들다, 대기
",미암기,2010-10-23 05:11:38
need,필요|된다|해야 한다|요구|수요,"1)필요, ~을 필요로 하다, ~하지 않으면 안 된다.
",미암기,2010-10-23 05:11:38
by,…에 의하여,"1)가까이에, ~옆에, ~에 의해[서], ~로, ~까지[는]
",미암기,2010-10-23 05:11:38
pay,지불하다|임금|지급하다|갚다|보상하다,"1)지불[지급]하다, 지불, 지급. 급료, 유료의
",미암기,2010-10-23 05:11:38
visa,비자,"1)사증, 비자, ~에 사증[배서]하다.
",미암기,2010-10-23 05:11:38
credit card,신용카드|비자카드,"1)크레디트 카드, 신용구입권
",미암기,2010-10-23 05:11:38
cash,현금|돈|현찰|현금화하다,"1)현금, 현금의, 현금으로 하다.
",미암기,2010-10-23 05:11:38
sale,판매|매각|매매|세일|매출,"1)판매, 매상, 특매
",미암기,2010-10-23 05:11:38
bag,가방|봉지|백|주머니|봉투,"1)[손]가방, 자루에 넣다.
",미암기,2010-10-23 05:11:38
girlfriend,여자 친구|애인|연인,"1)여자친구
",미암기,2010-10-23 05:11:38
help,도움|돕다|도와주다|기여하다,"1)돕다, 권하다, 도움
",미암기,2010-10-23 05:11:38
try on,입어 보다|시험 착용|신어보다,"1)입어보다. 시험해보다.
Ex&gt;Thanks, but I don't like shopping on-line. 
I prefer to come into a real store, where I can try things on before buying them. 
고마워요, 하지만 전 온라인으로 물건 사는 거 안 좋아해요. 
상점에 직접 가서 물건 사기 전에 한 번 입어 보는 게 좋거든요.
",미암기,2010-10-23 05:11:38
black,흑인의|검은|블랙의|흑,"1)검은, 흑인의, 검정, 흑인, 검게 하다.
",미암기,2010-10-23 05:11:38
color,색|색채|색깔|컬러|색상,"1)색, 빛깔의, 채색하다.
",미암기,2010-10-23 05:11:38
shoe,신발|구두,"1)구두, 구두를 신기다.
",미암기,2010-10-23 05:11:38
then,그 이후에|그렇다면|그 당시의|그래서|게다가,"1)그때에, 그 다음에, 게다가, 그러면
",미암기,2010-10-23 05:11:38
rack,짜내다|선반|…걸이|침대,"1)선반, [보통 건물의] 파괴
",미암기,2010-10-23 05:11:38
flour,밀가루|가루,"1)밀가루, ~에 가루를 뿌리다, 가루가 되다.
",미암기,2010-10-23 05:11:38
shop,쇼핑하다|가게|상점|매장|샵,"1)&lt;영&gt; 가게, &lt;미&gt; 공장. 가게에서 물건을 사다.
",미암기,2010-10-23 05:11:38
fun,재미있는|즐거운|놀리다|신나는|장난,"1)재미, &lt;구어&gt; 장난하다, 즐거운
",미암기,2010-10-23 05:11:38
really,정말|사실상|실제로|아주|매우,"1)정말로, 실은, 확실히
",미암기,2010-10-23 05:11:38
can,할 수 있다|캔|통조림,"1)~할 수 있다, ~해도 좋다, 깡통
",미암기,2010-10-23 05:11:38
usually,보통|대개|일반적으로|늘|평소,"1)보통, 늘, 일반적으로, 대개, 평소에[는]
",미암기,2010-10-23 05:11:38
light,빛|밝게하다|조명|광선|등,"1)가벼운, 빛, [말·차 등에서] 내리다.
",미암기,2010-10-23 05:11:38
big,큰|중요한|많이|대단한,"1)큰, 훌륭한, &lt;구어&gt; 잘난 체하여, 중요 인물
",미암기,2010-10-23 05:11:38
yet,아직|그러나|하지만|그런데도|여전히,"1)[부정문, 긍정문에서] 아직 ~않다, [의문문에서] 이미, 벌써
",미암기,2010-10-23 05:11:38
enjoy,즐기다|하세요|누리다|즐겁게|재미있다,"1)즐기다, 누리다.
",미암기,2010-10-23 05:09:22
late,말기의|늦은|늦도록|늦게|최근의,"1)늦은, 최근의, 늦게
",미암기,2010-10-23 05:09:22
wish,바라다|소원|…좋겠어|…싶다|기원하다,"1)희망하다, 바라다.
",미암기,2010-10-23 05:09:22
stay,머무르다|유지하다|체류하다|지내다|보내다,"1)머무르다, ~에 묵다.
",미암기,2010-10-23 05:09:22
dessert,디저트|후식,"1)디저트, 후식, 디저트용의
",미암기,2010-10-23 05:05:31
appetizer,식욕을 돋우는 것|전채|식욕 촉진제,"1)식욕을 돋우는 것, 반주, 전채
",미암기,2010-10-23 05:05:31
lunch,점심|도시락|간이 식당,"1)점심, 점심을 먹다.
",미암기,2010-10-23 05:05:31
much,훨씬|많은|매우|크게|대부분,"1)[불가산 명사 앞에서] 많은, 매우
",미암기,2010-10-23 05:05:31
me,나|나를|나에게|나의,"1)[I의 목적격] 나에게, 나를
",미암기,2010-10-23 05:05:31
dinner,저녁식사|저녁|만찬|정찬,"1)정찬, 저녁식사
",미암기,2010-10-23 05:05:31
free,자유의|무료의|…이 없는|해방시키다|벗어난,"1)자유로운, 한가한, 무료의, 자유롭게 하다.
",미암기,2010-10-23 05:05:31
all,모든|모두|다|전부|전체,"1)[단수 명사 앞에서] 전체의, [성질, 정도를 나타내는 추상명사를 수식하여] 
최대한의, [부정적 뜻의 동사나 전치사 뒤에] 일체의
",미암기,2010-10-23 01:11:50
anything,무엇이든|아무것도|어느 것이든|조금이라도,"1)[긍정문에서] 무엇이든, [부정문에서] 아무것도, [의문문, 조건절에서] 무언가
",미암기,2010-10-23 01:11:49
fry,튀기다|튀김|감자튀김|프라이|망가지다,"1)감자튀김, 기름에 튀기다.
",미암기,2010-10-23 01:11:49
cheeseburger,치즈버거,"1)치즈를 넣은 햄버거
",미암기,2010-10-23 01:11:49
bill,법안|빌|지폐|증권|청구서,"1)계산서, 지폐, 증서, 광고용 포스터
",미암기,2010-10-23 01:11:49
sorry,미안한|죄송한|유감스러운|안됐다|사과하는,"1)[I’m sorry.의 줄임꼴에서] 미안합니다, 슬픈, 유감스러운
",미암기,2010-10-23 01:11:49
so,그래서|그렇게|그렇다면|그러니|따라서,"1)[앞에 나왔거나 또는 문맥상 자명한 사실을 받아] 정말로, 그렇게, 그래서
",미암기,2010-10-23 01:11:49
food,음식|식품|식량|먹이|푸드,"1)음식, 식품, 비료, 양식
",미암기,2010-10-23 01:11:49
Chinese,중국의|중국인|중국어|중국 사람,,미암기,2010-10-23 01:11:49
soak,흡수하다|젖다|담그다|절이다|빨아들이다,"1)적시다, 빨아들이다, 젖다, 스며들다.
",미암기,2010-10-23 01:11:49
forgot,잊었다|까먹었다|두고 갔다|forget의 과거·과거 분사형,"1)forget[잊다]의 과거, 과거분사 입니다.
",미암기,2010-10-23 01:11:49
rice,쌀|벼|밥,"1)쌀, 밥, [식물] 벼
",미암기,2010-10-23 01:11:49
make,…하게 하다|만들다|(돈을) 벌다|(소리를) 내다|이루다,"1)만들다, 준비하다, [돈 등을] 벌다, 만들어 내다.
",미암기,2010-10-23 01:11:49
hungry,배고픈|부족한|기아의|먹고 싶은,"1)배고픈, 불모의, 기근이 든
",미암기,2010-10-23 01:11:49
tasty,맛있는|맛좋은|먹음직스러운|맛난,"1)맛 좋은, 세련된
",미암기,2010-10-23 01:10:44
very,매우|아주|정말|굉장히|가장,"1)[원급의 형용사, 부사의 정도를 강조하여] 대단히, 몹시
",미암기,2010-10-23 01:10:44
tried,노력한|…하려고 한|먹어 본|입어 본,"1)try[시도하다]의 과거, 과거분사 입니다.
",미암기,2010-10-23 01:10:44
miss,놓치다|미스|그리워하다|실종되다|빼먹다,"1)놓치다, 빼놓다, ~양, ~씨
",미암기,2010-10-23 01:10:44
nearby,근처의|인근의|가까운|주변의|근거리,"1)가까이로, 가까이에, 근처에
",미암기,2010-10-23 01:10:44
hotel,호텔,"1)호텔, 여관, 저택, 공공 건물
",미암기,2010-10-23 01:10:44
leave,떠나다|남기다|맡기다|출발하다,"1)[장소, 사람, 물건 등으로부터] 떠나다, ~한 상태로 놓아 두다, 그만두다.
",미암기,2010-10-23 01:10:44
style,스타일|양식|방식|형식|문체,"1)[물건 등의] 종류, [행동 등의 독특한] 방법, [복장 등의] 스타일
",미암기,2010-10-23 01:10:44
like,…같은|좋아하다|…하고 싶은|마치|마찬가지로,"1)[물건, 사람을] 좋아하다, [~와] 같은
",미암기,2010-10-23 01:10:44
best,최고의|가장 …한|최선의|최대의|베스트,"1)가장 좋은, 최대의, 주요한, 제일, 최선
",미암기,2010-10-23 01:10:44
suit,정장|소송|옷|어울리다,"1)어울리다, 적합하다, 정장 한 벌, 소송
",미암기,2010-10-23 01:10:44
which,어떤|어느,"1)어느 쪽, 어떤, 어느 ~이든[이나]
",미암기,2010-10-23 01:10:44
last name,성,"1)성
",미암기,2010-10-23 01:10:44
spell,철자하다|쓰다|스펠링|마법|날씨,"1)철자를 말하다, &lt;구어&gt; 결과를 가져오다, 주문, 한 차례의 일
",미암기,2010-10-23 01:10:44
fine,좋은|벌금|미세한|잘|고급의,"1)훌륭한, [날씨가] 맑은, 건강한, 벌금
",미암기,2010-10-23 01:10:44
a,영어 알파벳의 첫째 자|하나의|어떤 하나의|…이라는 것,"1)[막연히] 어떤 하나, 한 사람의, ~이라는 것, ~당, ~마다
",미암기,2010-10-23 01:10:44
for,…을 위하여|…을 기념하여|…용의,"1)~을 위하여, ~대상의
",미암기,2010-10-23 01:10:44
reserve,보유하다|보호지역|예비|준비의|확보해두다,"1)예약해 두다, 남겨두다, 보유하다, 삼가다.
",미암기,2010-10-23 01:10:44
too,너무|또한|지나치게|매우,"1)또한, 게다가, 너무나, 지나치게 ~한
",미암기,2010-10-23 01:10:44
disappointing,실망시키는|기대보다 못한|기대에 어긋나는,"1)실망시키는, 기대에 어긋나는, 시시한
",미암기,2010-10-23 01:10:44
tell,말하다|이야기하다,"1)말하다, 주의하다, 나타내다.
",미암기,2010-10-23 01:10:44
look for,찾다|위해|주세요|원하다|찾아보다,"1)찾다, 기다리다, 귀찮은 일이 생길 것 같다, 기대하다, 예기하다.
Ex&gt;I looked for him in every likely place. 
그가 있을 성싶은 곳은 다 찾아 보았어요.
",미암기,2010-10-23 01:10:44
find,찾다|발견하다|알다|알아보다,"1)찾아내다, 발견
",미암기,2010-10-23 01:10:44
later,후에|나중에|지나|뒤에|후반부,"1)더 늦은, 더 뒤의, 뒤에, 나중에
",미암기,2010-10-23 01:10:44
come for,…의 목적으로 오다|가지러 오다|마중 나오다,"1)~의 목적으로 오다, 가지러 오다, 마중 나오다.
Ex&gt;Come early for coffee and Danish. 
일찍 오셔서 커피와 대니시 페이스트리를 드십시오.
",미암기,2010-10-23 01:10:44
someone,누군가|어떤 사람,"1)누군가, 어떤 사람
",미암기,2010-10-23 01:10:44
check,확인하다|점검하다|검사|견제|수표,"1)확인하다, 대조, 점검
",미암기,2010-10-23 01:10:44
Will,의지|…할 것이다|유언,"1)~할[일] 것이다, ~하려고 생각하다, 의지
",미암기,2010-10-23 01:10:44
just,것만 |그냥|단지|그저|방금,"1)바로, 올바른, 조금
",미암기,2010-10-23 01:10:44
please,제발|부디,"1)* [정중한 요구·간청을 나타내는 명령문에서] 부디, 제발
",미암기,2010-10-23 01:10:44
stamp,우표|찍다|도장|인지|짓밟다,"1)우표, 도장, ~에 인지를 붙이다.
",미암기,2010-10-23 01:10:44
would like,하고싶다|주세요|생각하다|원하다|좋겠어,"1)‘~을 원하다, ~하고 싶다.’의 표현입니다.
Ex&gt;I would like a cup of coffee. 
커피 한 잔 마시고 싶은데요.
",미암기,2010-10-23 01:10:44
next,다음의|이후의|차기|옆에|앞으로,"1)다음의, 바로 뒤에, ~의 다음[옆]에
",미암기,2010-10-23 01:10:44
housework,집안일|가사,"1)집안일, 가사
",미암기,2010-10-23 01:10:44
errand,볼일|심부름,"1)심부름, 용건
",미암기,2010-10-23 01:10:44
clean up,청소|치우다|정화|뒤처리|깨끗하게,"1)청소하다, 몸을 깨끗이 하다, [부패, 정계 등을] 정화하다.
Ex&gt;We could clean up the garbage down by the river. 
강변 쓰레기를 청소할 수도 있을 겁니다.
",미암기,2010-10-23 01:10:44
than,보다|다름아닌|보다는|…이외의,"1)~보다, ~에 비하여
",미암기,2010-10-23 01:10:44
something,무언가|어떤 것|중요한 것|조금|어떤 일,"1)무언가, 어떤 것, 얼마쯤, 다소
",미암기,2010-10-23 01:10:44
ask,묻다|질문하다|요청하다|부탁하다|말씀하다,"1)묻다, ~에게 바라다. 요구하다.
",미암기,2010-10-23 01:10:44
any,어떤|전혀|어느|아무|누군가,"1)얼마간의, 어떤~[라]도, 무언가, 누군가, 얼마쯤, 다소
",미암기,2010-10-23 01:10:44
family,가족|가문|식구,"1)가족의, 가정의
",미암기,2010-10-23 01:10:44
live with,참고지내다|…을 받아들이다|감수하다,"1)~와 함께 살다, 참다, ~에 견디다.
Ex&gt;I moved back to Lakefield to live with my parents. 
레이크 필드로 돌아와서 부모님과 함께 살고 있어요.
",미암기,2010-10-23 01:10:44
people,사람들|국민|인간|주민|대중,"1)[복수취급] 사람들, 국민, ~에 사람을 살게 하다.
",미암기,2010-10-23 01:10:44
right now,지금|현재|당장|이제|요즘,"1)지금 바로, 방금
",미암기,2010-10-23 01:10:44
near,근처|가깝게|인접한|거의|접근한,"1)가까이, ~의 가까이에, 가까운, ~에 근접하다.
",미암기,2010-10-23 01:10:44
room,방|공간|여지|자리|장소,"1)방, 장소, 공간, 묵다.
",미암기,2010-10-23 01:10:44
clean,깨끗한|청소하다|맑은|치우다|정리하다,"1)깨끗한, 깨끗하게 하다, 청소
",미암기,2010-10-23 01:10:44
who,누구,"1)누구, 어떤 사람, 누구를
",미암기,2010-10-23 01:10:44
cook,요리하다|요리사|만들다|조리된|쿡,"1)요리하다, 요리사
",미암기,2010-10-23 01:10:44
there,a location other than here,"1)거기[그 곳]에, 거기[에]서
",미암기,2010-10-23 01:10:44
kitchen,부엌|주방,"1)부엌, 주방, 주방에서 일하는 [사람]
",미암기,2010-10-23 01:10:44
she,그녀|그 여자,"1)그녀는, 그녀가, 여자의
",미암기,2010-10-23 01:10:44
mother,어머니|어미|수녀원장|모국의,"1)어머니, 모국의, ~의 어머니가 되다
",미암기,2010-10-23 01:10:43
your,여러분의|당신의|너의|자네의,"1)당신[들]의, 너[희들]의
",미암기,2010-10-23 01:10:43
where,어디|곳|장소,"1)어디에, 어떤 곳, 장소, ~하는 곳에
",미암기,2010-10-23 01:10:43
watch,보다|지켜보다|관람하다|시계|감시하다,"1)지켜보다, 조심, 손목시계
",미암기,2010-10-23 01:10:43
what,무엇|어떻게|어떤|뭐라고|무슨,"1)무엇, 어떤, 얼마나, ~하는 것
",미암기,2010-10-23 01:10:43
daughter,딸|여성|양녀|파생,"1)딸, 며느리
",미암기,2010-10-23 01:10:43
son,아들|자식|양자|자손,"1)아들, 자식, 사위
",미암기,2010-10-23 01:10:43
has,have의 3인칭·단수·직설법·현재형,"1)[have의 3인칭 단수] 가지다, 소유하다, 먹다.
",미암기,2010-10-23 01:10:43
have,가지다|얻다|걸리다| 낳다|소유하다,"1)가지다, 소유하다, 먹다.
",미암기,2010-10-23 01:10:43
his,그의|그의 것|신의|그 사람의,"1)그의, 그의 것
",미암기,2010-10-23 01:10:43
he,그는|그것은|남자|그 사람은|신,"1)그가, 그 사람은, 남성
",미암기,2010-10-23 01:10:43
married,결혼한|기혼의|부부|유부남,"1)결혼한, 부부[간]의
",미암기,2010-10-23 01:10:43
younger,더 젊은|더 어린|동생인|젊은이|아래의,"1)young[어린, 젊은]의 비교급 입니다. ‘더 어린[젊은]’
",미암기,2010-10-23 01:10:43
elder,노인|어른|연장자|장로|고참,"1)손위의, 연장자
",미암기,2010-10-23 01:10:43
brother,형제|동포|형씨,"1)형제, 형 또는 아우
",미암기,2010-10-23 01:10:43
about,…에 대하여|약…|정도|좀|거의,"1)~에 대하여, ~경[에], ~[때]쯤, ~주위에
",미암기,2010-10-23 01:10:43
look,보다|찾다|표정|바라보다|살펴보다,"1)보다, 바라보다, ~하게 보이다.
",미암기,2010-10-23 01:10:43
think,생각하다|같다|상상하다|평가하다|예상하다,"1)~라고 여기다, ~라고 생각하다, ~라고 믿다.
",미암기,2010-10-23 01:10:43
sister,여동생|자매|누나|언니|수녀,"1)여자 형제, 자매, 언니, 누이[동생]
",미암기,2010-10-23 01:10:43
